,word,type
0,कमलागत,positive
1,अहिंस,positive
2,मोहयुक्त,negative
3,मुंहबनाना,negative
4,नुक़सानदेह,negative
5,शक्ति ,positive
6,भूखंड,negative
7,वापस,positive
8,प्रशंसा,positive
9,पराभूत ,negative
10,विकलता,negative
11,जलाना,negative
12,चिकनाई ,negative
13,अन्धेरा,negative
14,उन्नत,positive
15,मनोरंजक,positive
16,कहा,stopword
17,विभाजित,negative
18,देवतुल्य,positive
19,बिनाप्रभाव ,negative
20,करने में,stopword
21,जीतता,positive
22,अस्पष्टता,negative
23,अतुलनीय,positive
24,कंकाल,negative
25,खिजाते ,negative
26,अगम्य,negative
27,अप्रचलित,negative
28,स्नेह,positive
29,चक्कर,negative
30,वांछनीय,positive
31,भद्रता,positive
32,द्वेषपूर्वक,negative
33,हार्दिक,positive
34,रक्तपात,negative
35,उभयभावी,negative
36,पूजना,positive
37,अन्यायपूर्वकशासन,negative
38,असुविधा,negative
39,पागलों,negative
40,बेजोड़ता,negative
41,रक्षाकरना,positive
42,परेशान,negative
43,समझदार,positive
44,गर्मी,positive
45,ठेसपहुंचाना,negative
46,दूरदर्शिता,positive
47,नीचतापुर्वक,negative
48,मनोरंजन,positive
49,समर्थक,positive
50,अभेद्य,positive
51,चमत्कारिक ,positive
52,आशंकाओं,negative
53,पुष्टि,positive
54,हताहत,negative
55,विमुख,negative
56,सत्य,positive
57,सिसकी,negative
58,आंखपकड़,positive
59,रोनेवाला,negative
60,अशांति,negative
61,ऐंठना,negative
62,तर्कहीन,negative
63,शून्यमनस्क,negative
64,फूटना,negative
65,घमंड ,negative
66,निरर्थकता ,negative
67,बेतरतीबी,negative
68,सताना,negative
69,ऋण,negative
70,पश्चाताप ,negative
71,कुंठा,negative
72,वादाकिया,positive
73,लेकर,stopword
74,ब्लिस्टरिंग,negative
75,लाड़प्यार,positive
76,हास्य,positive
77,प्रदूषण,negative
78,प्रशंसित,positive
79,तड़पाना,negative
80,स्थान,stopword
81,त्यागना,negative
82,पराया,negative
83,बुरा,negative
84,जराग्रस्त,negative
85,प्रतिभा,positive
86,मायूस,negative
87,प्रतिकूलता,negative
88,धूर्त,negative
89,जैसे,stopword
90,दुराशापूर्वक,negative
91,आपका,stopword
92,संतोष,positive
93,घृणा,negative
94,बेकार ,negative
95,ग़लतफ़हमी,negative
96,बुद्धि,positive
97,हटना,negative
98,हाथनीचे,positive
99,उपहासात्मक,negative
100,गुस्सादिलाना,negative
101,दीप्ति,positive
102,घर्षण,negative
103,पस्त,negative
104,अतिरंजना ,negative
105,विविधता,positive
106,त्यागदिया,negative
107,ढहते,negative
108,महंगा,negative
109,बंधक,negative
110,दुष्टतापूर्वक,negative
111,द्रोहपूरवक,negative
112,अनाड़ीपन,negative
113,निर्माण,negative
114,घटिया  ,negative
115,क्रूरताओं,negative
116,पोषित,positive
117,यश,positive
118,एकीकृत,positive
119,बौना,negative
120,तारीफ ,positive
121,सस्ता,positive
122,सजीला,positive
123,खलाना,negative
124,पेचीदा,negative
125,विजेता,positive
126,हितों,positive
127,असुविधाजनक,negative
128,प्रशंसनीय,positive
129,दंडात्मक,negative
130,विनाशक,negative
131,नीरस,negative
132,उमसदार,negative
133,टोलफ्री,positive
134,कल्पित,negative
135,विनम्र,positive
136,दुश्मन,negative
137,मुखर,negative
138,ऊबड़खाबड़,negative
139,प्रोत्साहित,positive
140,आविष्कारशील,positive
141,अराजभक्त,negative
142,हल्का,negative
143,इठला ,negative
144,आसान,positive
145,लड़ाकुपन,negative
146,आवारालड़की,negative
147,आनंदमय,positive
148,दूष्टिकरना,negative
149,अवसरवादी,negative
150,अधिमानत,positive
151,कर,stopword
152,विक्षुब्ध,negative
153,हड़ताली,positive
154,आकारक,negative
155,ढील,positive
156,सोना,positive
157,लड़खड़ाना,negative
158,क्षुब्ध,negative
159,अधोमुख,negative
160,हार्डलाइन,negative
161,छोटा,negative
162,ढिलाई ,negative
163,सिड़,negative
164,अश्लीलता,negative
165,दयालुता,positive
166,चोट ,negative
167,अमानवीय,negative
168,उजाड़,negative
169,लालची,negative
170,गलती,negative
171,ग़ुलाम ,positive
172,बुद्धिहीनता,negative
173,अवैयक्तिक,negative
174,अल्ट्राकट्टरपंथी,negative
175,विलासी,positive
176,उत्कृष्ट,positive
177,वाग्मिता,positive
178,खड़ी,negative
179,प्रतिरोध,negative
180,सभ्य ,positive
181,स्थिर,positive
182,लेकिन,stopword
183,संबंध,positive
184,उड़ान,negative
185,शक,negative
186,उचक्का,negative
187,परिवादात्मक,negative
188,सुअर,negative
189,अयोग्यता,negative
190,मस्त,positive
191,ठोस,positive
192,दलितव्यक्ति,negative
193,पूर्वाभास,negative
194,प्रभावित,positive
195,करुणाजनक,negative
196,मूढ़ता ,negative
197,विस्फोटक,negative
198,बिगड़ाहुआ,negative
199,सुन्दरता ,positive
200,पाषंड,negative
201,अवांछित,negative
202,कृतघ्नव्यक्ति,negative
203,पलटा,negative
204,जब तक,stopword
205,पतली,positive
206,क्षतिग्रस्त,negative
207,सभी,stopword
208,सर्वश्रेष्ठ,positive
209,उत्साही,negative
210,समाप्त,positive
211,स्वादिष्ट,positive
212,गलत,negative
213,बचाव,positive
214,स्पष्टरूप ,positive
215,गलत,negative
216,सुखपूर्वक,positive
217,ध्वंसकारी,negative
218,अवमानी,negative
219,शुक्र,positive
220,बंदीबनाना,positive
221,असंतुष्ट,negative
222,व्ययसाध्यता,positive
223,हैरान,negative
224,उत्साह,positive
225,कुशल,positive
226,ख़लबली ,negative
227,आशावान,positive
228,मानवोचित,positive
229,विडम्बना ,negative
230,खुरचना,negative
231,उंगलियोंपरनचाना,negative
232,आगाह,negative
233,होने,stopword
234,प्रलय,negative
235,बावजूद,negative
236,भ्रष्टाचार,negative
237,उत्सुकता,positive
238,कर्षण,positive
239,जड़सेउखाड़ना,negative
240,पुरस्कार,positive
241,अवाक,positive
242,दमन,negative
243,विवादग्रस्त,negative
244,रही,stopword
245,सत्यवादिता,positive
246,कोमलता,negative
247,अवसाद,negative
248,आतंकित ,negative
249,चूसना,negative
250,उलझन,negative
251,शैतानी,negative
252,विकट,negative
253,मितव्ययता,positive
254,टूटजाना,negative
255,गरम,positive
256,ख़तरेमेंडालना,negative
257,कटुतापूर्वक,negative
258,खंडित,negative
259,बुरीतरह,negative
260,लज्जाजनक,negative
261,पीसना,negative
262,धीर,positive
263,बड़बड़ा,negative
264,अजनबी,negative
265,अक्खड़,negative
266,खूबसूरती ,positive
267,बतंगड़,negative
268,बदबू,negative
269,सिद्धांतवादी,positive
270,थे,stopword
271,दोनो,stopword
272,सूक्ष्म,positive
273,अन्य,stopword
274,शालीनता,positive
275,दुर्व्यवहार,negative
276,अमनपसंद,positive
277,टटोलना,negative
278,बेडौल,negative
279,ऊटपटांग,negative
280,जंगली,negative
281,खतरनाक,negative
282,हमला,negative
283,गरमागरम,positive
284,नापसंद,negative
285,अपव्यय,negative
286,हुई,stopword
287,बोदापन,negative
288,कमज़ोर,negative
289,अफवाहें,negative
290,निष्पक्षता,positive
291,उत्तरदायी,negative
292,जलातेहुए,negative
293,अशुद्धगणना,negative
294,शत्रुतापूर्ण,negative
295,अच्छीतरह,positive
296,तर्कशीलता,positive
297,आक्रमणकरना,negative
298,तहसनहस,negative
299,उदबोधन,positive
300,होनहार,positive
301,दलीलों,negative
302,रिझाना,positive
303,ढोंगी,negative
304,अवज्ञापूर्वक,negative
305,मुक्ति,positive
306,निष्कासितकरना,negative
307,बढ़ाता ,positive
308,थकाहुआ,negative
309,भड़काना,negative
310,असामयिक,negative
311,तमाशा,negative
312,जाता,stopword
313,सम्मान,positive
314,वास्तविक,positive
315,फट,negative
316,बदगोई,negative
317,जोशीला,positive
318,सघन,positive
319,नष्ट,negative
320,तिस,stopword
321,मौलिकता,positive
322,अल्टिमेटम,negative
323,विवादास्पद,negative
324,रिकॉर्ड ,positive
325,बढ़ावा,positive
326,शान,positive
327,प्रियता,positive
328,अकल्पनीय,negative
329,विवाद्य,negative
330,यक़ीनदिलाना,positive
331,कलंकित,negative
332,तानामार,negative
333,धनी,positive
334,उन्माद,negative
335,बलि,negative
336,भूनना,negative
337,प्रचलित,positive
338,निष्कलंक ,positive
339,विखंडित,negative
340,शक्तिहिन ,negative
341,अंधा,negative
342,व्यामोह,negative
343,दरार,negative
344,परेशानी,positive
345,मंदबुद्धि,negative
346,सुशिक्षित,positive
347,मगन,positive
348,अस्पष्टीकृत,negative
349,उत्तरदायी,positive
350,लानत,negative
351,मुद्रास्फीति,negative
352,प्रतिभावान,positive
353,जोशख़रोश,positive
354,मुश्किल,negative
355,फलफूल,positive
356,गुमराह,negative
357,घबराहट,negative
358,सिंक,negative
359,ऋषिकल्प,positive
360,उत्साहित,positive
361,खट्टा,negative
362,भीषण,negative
363,पूरा,positive
364,एकतरफ़ा,negative
365,क्रमशून्य,negative
366,अविश्वासपूर्वक,negative
367,तिरस्कार,negative
368,मणि,positive
369,माननीय,positive
370,षड्यंत्रकारी,negative
371,धमकी ,negative
372,सफलताओं,positive
373,आसक्ति,positive
374,जयध्वनि,positive
375,झटकेदार,negative
376,शोचनीय,negative
377,परेशानी,negative
378,वृद्धा,negative
379,दैवीकरण,positive
380,योग्य,positive
381,विभूषित ,positive
382,तीव्र,negative
383,देशभक्त,positive
384,गुलाबी,positive
385,मेलजोल,positive
386,थी,stopword
387,मनतोड़ना,negative
388,रोमानी,positive
389,रक्षात्मक,positive
390,औश्र,negative
391,बुखार,negative
392,आज,stopword
393,विवादी,negative
394,होना,stopword
395,कुरता,negative
396,रहमदिल,positive
397,दिलचस्प,positive
398,असमर्थता,negative
399,घना,negative
400,नीच,negative
401,अनौचित्य,negative
402,अनिर्णीत,negative
403,शहादत ,positive
404,परोपकारी,positive
405,अधिकांश,stopword
406,सीमाएं,negative
407,रमणीय,positive
408,पापी,negative
409,गंवाना,negative
410,बड़ा,stopword
411,कौशल,positive
412,अवैध,negative
413,नामंजूरी,negative
414,असहाय,negative
415,अस्वस्थ,negative
416,पुरानापन,negative
417,वहियत,negative
418,अधिकखौफ,negative
419,जलन,negative
420,चमकदमक ,positive
421,त्रुटियों,negative
422,असजीला,negative
423,गिरगया,negative
424,असमर्थित,negative
425,टकराना,negative
426,ईशनिंदा,negative
427,उलट,negative
428,बेलगाव,negative
429,प्रतिष्ठित,positive
430,आदि,stopword
431,तामसिक,negative
432,सुरक्षा,positive
433,समस्यात्मक,negative
434,गतिरोध,negative
435,विलक्षण,positive
436,कट्टरता,negative
437,कडाई ,negative
438,कष्टप्रद,negative
439,नास्तिक,negative
440,के बारे में,stopword
441,प्रशंसापूर्ण,positive
442,समस्या,negative
443,आभारी,positive
444,अनुकरणीय,positive
445,अतिशयोक्तिपूर्ण,negative
446,रुको,positive
447,मास्टर,positive
448,कट्टरपंथी,negative
449,कुमार्ग ,negative
450,अमीर,positive
451,बहुतशरमीला,negative
452,मुसीबत,negative
453,संभावना ,negative
454,प्रचण्डतापूर्वक,positive
455,किया,stopword
456,संतुष्टि,positive
457,नेतृत्व,positive
458,स्वागत ,positive
459,अराजकतावादी,negative
460,सुन्न,negative
461,विरोधाभासों,negative
462,अस्वस्थता,negative
463,सजीव ,positive
464,हताश,negative
465,गिरने,negative
466,खट्टेपन ,negative
467,खिले,positive
468,किरकिरा,negative
469,उपालंभ ,negative
470,उल्टा,negative
471,शोर,positive
472,अफवाह,negative
473,सुख,positive
474,भव्यतापुर्वक,positive
475,से अधिक,stopword
476,टाउट,negative
477,फ़रारहोना,negative
478,वैलक्षण्य,negative
479,आधुनिक,positive
480,सुसंगत,positive
481,आंधी,negative
482,सुरुचिपूर्ण,positive
483,चिंताशील,positive
484,अतिवादियों,negative
485,तबाही,negative
486,संघर्ष,negative
487,छूट,positive
488,झूठकरनेवाला,negative
489,मंजूरी,positive
490,दोषारोपण,negative
491,खलबली,negative
492,शांत,positive
493,महत्त्वाकांक्षी,positive
494,होती,stopword
495,आश्चर्यचकित,positive
496,अजीब,negative
497,नीरव,positive
498,उपदेश ,positive
499,हवाभराहुआ,negative
500,लचीलापन,positive
501,आग्रह,positive
502,संघर्ष,negative
503,नाहमवार,negative
504,मिलीभगत,negative
505,में कुछ,stopword
506,मंदी,negative
507,रॉकस्टार,positive
508,भयानक,negative
509,वेश्या,negative
510,तथा,stopword
511,पीड़ाहीनता ,positive
512,अनिश्चय,negative
513,अपील,positive
514,अंगभंगकरना,negative
515,परित्याग,negative
516,रोमांच,positive
517,तेजी,positive
518,रिसाव,negative
519,कुरूप,negative
520,मौजी,negative
521,विफल,negative
522,चोट,negative
523,ख्याति,positive
524,आराम ,positive
525,शुद्ध,positive
526,गर्वित ,positive
527,दुबला,positive
528,शोर,negative
529,प्रशंसापूर्वक,positive
530,अतिदेय,negative
531,नीचता ,negative
532,भौचक्का,negative
533,श्रेष्ठता,positive
534,चमकीला,positive
535,प्राप्य,positive
536,दलील,negative
537,बदनसीबी ,negative
538,बहुतायत,positive
539,मातहती,negative
540,निर्भीक,positive
541,पागलपन,negative
542,नरसंहार,negative
543,अपर्याप्तता,negative
544,लाचार,negative
545,असंतोषजनक,negative
546,झूठमूठ,negative
547,अहंकार ,negative
548,कामुक,positive
549,चीखते ,negative
550,क्या,stopword
551,डूबता ,negative
552,पूराकरना,positive
553,रोमांचित,positive
554,दुर्बोध,negative
555,उदार,positive
556,अतोषणीय,negative
557,था,stopword
558,किया जा रहा है,stopword
559,ढीलाता,negative
560,संजोना,positive
561,निर्दोषता ,positive
562,फ्लॉप,negative
563,तेज,positive
564,अनुभूतियां,positive
565,भावपूर्ण,positive
566,हिचकिचाहट ,negative
567,तीव्रता ,positive
568,मिठास,positive
569,बेढंगेपन ,negative
570,भुगतना,negative
571,श्रव्य,positive
572,खीझाना,negative
573,खोखला,negative
574,शोकहारा,positive
575,खिजाना,negative
576,अस्वाभाविक,positive
577,प्यास,negative
578,अधिकवजन,negative
579,आनंद,positive
580,विषाद,negative
581,मिथ्या,negative
582,लज्जापूर्वक,negative
583,उत्तेजना ,positive
584,बोधगम्य,positive
585,क्रुद्धकरना,negative
586,दुखद,negative
587,देशद्रोह,negative
588,असयंमित,negative
589,असंभवता,negative
590,शिकायतों,negative
591,यथार्थवादी,positive
592,कसक,negative
593,उसके,stopword
594,संक्रमित,negative
595,खुश,positive
596,निष्ठुर,negative
597,दमपुख़्त,negative
598,के माध्यम से,stopword
599,सूखा,negative
600,अफसोस,negative
601,कातनेवाली,negative
602,अबल,negative
603,जालिम,negative
604,निर्बल,negative
605,सराहनीय,positive
606,व्यापक,positive
607,अंतड़ीनिकालना,negative
608,ऊर्जाकीबचत,positive
609,ह्रास,negative
610,कृपा,positive
611,शराबी,negative
612,नकचढ़ापन,negative
613,झगड़ालू,negative
614,निश्शक्त,negative
615,धैर्य,positive
616,टुकड़ेटुकड़ेकरना,negative
617,आनंदपूर्वक,positive
618,बमबारी,negative
619,नृशंस,negative
620,बदमाशी,negative
621,मनभावना,positive
622,कैदकरना,negative
623,अधूरेपन ,negative
624,तोड़फोड़,negative
625,रोशन,positive
626,अध:पतन,negative
627,उल्टी,negative
628,स्वायत्त,positive
629,अमान्य,negative
630,बोनस,positive
631,फालतूपन,negative
632,शहादत,negative
633,असमानता,negative
634,ऐसा,stopword
635,बेरंग,negative
636,दिवालिया,negative
637,डांटा,negative
638,असन्तोष,negative
639,हीनता,negative
640,भलाई,positive
641,जिस,stopword
642,विधर्मी,negative
643,विनोदी,positive
644,अवशेष,negative
645,हँसमुख,positive
646,संतोषप्रद ,positive
647,चेतावनी,negative
648,उग्र,negative
649,द्रोही,negative
650,अपर्याप्त,negative
651,लालसा,negative
652,प्रभावशाली,positive
653,धैर्यपूर्वक,positive
654,गमगीन,negative
655,पडा,stopword
656,जाल,negative
657,मंदीकारुख,negative
658,कठिन,negative
659,गलतियों,negative
660,न्यायपूर्वक,positive
661,तहत,stopword
662,टैंक,negative
663,उम्मीद,positive
664,गंदगी,negative
665,ईशअनुग्रह,positive
666,खड़खड़,negative
667,धुंध,negative
668,दयनीयता ,negative
669,सरलीकृत,positive
670,दुखी,negative
671,पोषण,positive
672,अतिरंजित,negative
673,श्रद्धा,positive
674,जिहाद,negative
675,अधीर,negative
676,दरिद्र,negative
677,अधिकतम,positive
678,राजनयिक,positive
679,दौरान,stopword
680,खामियों,negative
681,मदहोश,positive
682,विषम,negative
683,होते,stopword
684,सताते,negative
685,भद्दापन,negative
686,प्रतिबद्धता,positive
687,ढहजाना,negative
688,असंतुष्टों,negative
689,भंगशील,negative
690,तोहमत,negative
691,बाहरी,negative
692,निष्प्रभावी,negative
693,शिक्षाप्रद,positive
694,बोझल,negative
695,असमर्थतापूर्वक,negative
696,कई,stopword
697,दुर्बलता,negative
698,देयता,negative
699,निष्क्रिय,negative
700,अचूक,positive
701,चाकू,negative
702,जैसा,positive
703,लायक,positive
704,डूब,negative
705,आशरण,negative
706,त्याग,negative
707,सफाई ,positive
708,भाग्यवाद के अनुसार,positive
709,मनाकरते ,negative
710,सलामी,positive
711,सन्तुष्ट,positive
712,कॉर्नरस्टोन,positive
713,निष्पक्ष,positive
714,शोक,negative
715,मित्रता,positive
716,अधीनता,negative
717,अच्छे,positive
718,हक़बहाल ,positive
719,गलतधारणाओं,negative
720,मसाला,positive
721,तूफानी,negative
722,खूबसूरत,positive
723,निधि,positive
724,असहमत,negative
725,नाजुक,positive
726,नासमझ,negative
727,अनिच्छुक,negative
728,बहाने,negative
729,फटकारना,negative
730,सौंपना,positive
731,प्रमुख,positive
732,कटुता,negative
733,निर्दयता,negative
734,भुलक्कड़पन,negative
735,प्रेरित,positive
736,व्यावहारिक,positive
737,व्यग्र,negative
738,विजयी,positive
739,संतोषजनक,positive
740,नवीकृत,positive
741,घेरना,negative
742,वियोग,negative
743,कलह,negative
744,प्रतिकारक,negative
745,सुरक्षित,positive
746,सहजता,positive
747,साहीकाकाँटा,negative
748,निडर,negative
749,अजेय,positive
750,जागरूक,positive
751,झूठे,negative
752,अपसमायोजन,negative
753,लटकाना,negative
754,निराना,negative
755,लुभाना,positive
756,जहरीला,negative
757,अभाव,negative
758,मालिकाना,negative
759,नाराजगी,negative
760,ऐंठन,negative
761,आश्चर्य,positive
762,आकर्षक,positive
763,बेईमानी,negative
764,हतप्रभना,negative
765,﻿के,stopword
766,बेमिसाल,positive
767,अनुराग,positive
768,निष्क्रियता,negative
769,जानालाजिमी,positive
770,कांपना,negative
771,उत्तरजीवी,positive
772,आकस्मिक,negative
773,आक्रमणकारी,negative
774,छिपकर ,negative
775,छेड़ना,negative
776,अहिंसात्मक,positive
777,चरमराहट,negative
778,रक्षक,positive
779,आत्मविनाशकारी,negative
780,धोखादिया,negative
781,लाभहीन,negative
782,आगेबढ़ना,positive
783,अनम्य,negative
784,सुधारों,positive
785,हस्तक्षेप,negative
786,जादू,positive
787,समस्याओं,negative
788,एकटक,negative
789,अकिंचनता,negative
790,रसीला,positive
791,घृणामयता,negative
792,महानता,positive
793,बहुप्रतीक्षित,positive
794,भव्य,positive
795,होता है,stopword
796,स्वर्गीय,positive
797,कष्ट,negative
798,नायाब,negative
799,कलंकी,negative
800,उत्पीड़कों,negative
801,नीचेपानी,negative
802,अराजकता,negative
803,स्पष्टतापूर्वक,positive
804,चुगली ,negative
805,यहां,stopword
806,गाँठदार,negative
807,अविवेच्य,negative
808,काट,negative
809,उत्साही,positive
810,प्रतिभाशाली,positive
811,संभाषण ,negative
812,उग्रता,negative
813,अधूरा,negative
814,जुटना,positive
815,मुस्कान,positive
816,विभेद,negative
817,जिम्मेदारी ,positive
818,अनुग्रह,positive
819,बकवास,negative
820,कुंठित,negative
821,अधिक ,negative
822,नखलिस्तान,positive
823,इनकी,stopword
824,ऊर्जाकुशल,positive
825,खेदजनक,negative
826,परिहासशील,negative
827,संकोची,negative
828,जो,stopword
829,स्थिरता,positive
830,बेतरतीब,negative
831,सक्षम,positive
832,निहायत,stopword
833,चिंतित,negative
834,गुट,negative
835,अपरिपक्व,negative
836,अश्लील,negative
837,बेस्वाद,negative
838,सुस्ती,negative
839,लजीली,positive
840,पराभव,negative
841,घबड़ाया ,negative
842,धुंधला,negative
843,समर्थन ,positive
844,भीषणतापूर्वक,negative
845,संभ्रांति,negative
846,गुस्ताख,negative
847,उपयोगी,positive
848,झुकाहुआ,negative
849,अर्द्धमंद,negative
850,कट्टरपंथियों,negative
851,दुर्दशा,negative
852,उद्धत,negative
853,सकल,negative
854,पाप,negative
855,आरोपों,negative
856,खिन्न,negative
857,सुंदर,positive
858,इसके,stopword
859,गर्वित,negative
860,नृशंसतापूर्वक,negative
861,साज़िश,positive
862,विरोधी,negative
863,माफ,positive
864,जटिल,negative
865,रहस्यमय,negative
866,झिलमिलाता,positive
867,शरारती,negative
868,विश्वास ,negative
869,सशक्त,negative
870,कैंसर,negative
871,यथार्थ,positive
872,विघटित,negative
873,बंजर,negative
874,सरगर्मी,positive
875,गालीगलौज,negative
876,झगड़ना,negative
877,यह,stopword
878,ट्रम्प,positive
879,नाजुकमिज़ाजी,negative
880,प्रिय,positive
881,मिथक,negative
882,उदासहोना,negative
883,बहुमुल्य ,positive
884,जाला,negative
885,रोग,negative
886,प्रभावशालिता,positive
887,रोगी,positive
888,शिकन,negative
889,कुंठाओं,negative
890,भयावह,negative
891,दखल ,negative
892,शंकास्पद,negative
893,अक्षमता,negative
894,निर्जीव,negative
895,विवाद,negative
896,जहरीलेपन ,negative
897,विश्ववस्तता,positive
898,कालापव्यय,negative
899,निरादर,negative
900,डरावना,negative
901,मुहासेवाला,negative
902,वीभत्स,negative
903,मजाक,positive
904,भय,positive
905,अनिर्णय,negative
906,हानिकर,negative
907,दया,positive
908,अल्हड़ी,negative
909,अमित्र,negative
910,आधिकारिक,positive
911,उन,stopword
912,निकलाहुआ,negative
913,उदारतापूर्वक,positive
914,नकचढ़ा,negative
915,इस्तीफा,negative
916,शिष्टता,positive
917,कल,stopword
918,निषिद्ध,negative
919,बेताल,negative
920,हानिकारक,negative
921,नीतिभ्रष्ट ,negative
922,या,stopword
923,उत्कट,positive
924,प्रशंसक,positive
925,सामंजस्य,positive
926,कष्टदायी,negative
927,निडर,positive
928,भी,stopword
929,लंबेसमय ,positive
930,लज्जास्पदता,negative
931,शोषण,negative
932,पीड़ारहित,positive
933,प्रबोधन,positive
934,घबरा,negative
935,ग्लानि ,negative
936,खंडनकरना,negative
937,जंग,negative
938,आत्मघात,negative
939,बेहोश,negative
940,चुनौतीपूर्ण,negative
941,दिलतोड़ने,negative
942,दमनकारी,negative
943,विवेकी,positive
944,भूखा,negative
945,कोलाहल,negative
946,व्यंग्य,negative
947,गलतसमझना,negative
948,लय ,positive
949,अशुद्ध,negative
950,ज़मानत,positive
951,हानि,negative
952,अपघर्षक,negative
953,सुगम,positive
954,रोचक,positive
955,तड़पना,negative
956,आघात,negative
957,विरोधात्मक,negative
958,नाकाम ,negative
959,खींचें,negative
960,असंयत,positive
961,हास्यास्पद,negative
962,अपकारपूर्वक,negative
963,गड्ढा,negative
964,उत्तेजकता,positive
965,जलादिया,negative
966,अभिपुष्टि,positive
967,अविश्वास,negative
968,अत्युक्ति ,negative
969,ठुकराना,negative
970,महत्वहीन,negative
971,अपवित्रता,negative
972,वादविवाद ,negative
973,संपन्न,positive
974,इंगित,positive
975,निर्मम,negative
976,मज़ा आया,positive
977,मेहमाननवाज,positive
978,नरक,negative
979,उन्नति,positive
980,अर्दली,positive
981,क्रान्तिकारी,positive
982,सौहार्द,positive
983,खिझाते ,negative
984,आकर्षण,positive
985,गुस्से ,negative
986,शानदार ,positive
987,निराश,negative
988,बेकार,negative
989,कायरतापूर्वक,negative
990,अप्रत्याशित,negative
991,पक्षपातपूर्ण,negative
992,सबसेखराब,negative
993,दोचेहरे,negative
994,हैं,stopword
995,क्षीण,negative
996,प्रतिगामी,negative
997,अधिकता,positive
998,हमने,stopword
999,अशोभनीय,negative
1000,बचकाना,negative
1001,लापरवाही,negative
1002,चुंगी,negative
1003,दुःस्वप्न,negative
1004,चिढ़ाते ,negative
1005,शीशाघर,negative
1006,घमंडी,negative
1007,खसोटना,negative
1008,अविस्मरणीय,positive
1009,मूल्यवान,positive
1010,सिफारिश,positive
1011,भविष्य,positive
1012,समर्थित,positive
1013,विशेषाधिकार,positive
1014,शौक़ीन,positive
1015,खंडनकरना,negative
1016,सच्चा,positive
1017,विषमताएं,negative
1018,समान,stopword
1019,चकनाचूर,negative
1020,उत्तेजक,positive
1021,अक्षम्य,negative
1022,धूल,negative
1023,निस्संदेह,positive
1024,निरीक्षण,negative
1025,बेवक़्त,negative
1026,शीर्षगुणवत्ता,positive
1027,विफलताओं,negative
1028,सफल,positive
1029,बदमाशों,negative
1030,परदारगमन ,negative
1031,अभिमान,negative
1032,युद्ध,negative
1033,असंगति,negative
1034,मुद्दों,negative
1035,विषमय,negative
1036,कृपालु,positive
1037,राक्षस,negative
1038,किसको,stopword
1039,जाने,stopword
1040,वमनकारी,negative
1041,क्षीणतापूर्वक,negative
1042,मृत्युहोगई,negative
1043,निष्ठा,positive
1044,विषमता,negative
1045,अभिमान,positive
1046,खुरखुरा,negative
1047,दरार,positive
1048,बहुश्रुत,positive
1049,दरिद्रता,negative
1050,घृणास्पद,negative
1051,संरक्षण,positive
1052,चालाकी ,positive
1053,मज़ाआया,positive
1054,बुतपरस्त,negative
1055,अशिष्टता,negative
1056,कर्कशा,negative
1057,साधुता,positive
1058,उदात्त,positive
1059,प्रचंड,negative
1060,दीवाना,negative
1061,प्रगतिशील,positive
1062,वायरस,negative
1063,गया,stopword
1064,ग़लतीहोना,negative
1065,मिलाना,positive
1066,मितव्ययी,positive
1067,सतही,negative
1068,अरुचिकर,negative
1069,आवारा,negative
1070,गये,stopword
1071,कोसना,negative
1072,गए,stopword
1073,असामाजिक,negative
1074,तरसते ,negative
1075,बुद्धिमत्ता,positive
1076,ट्रॉफ़ी,positive
1077,संगदिल,negative
1078,लुभाने,positive
1079,परिष्कृत,positive
1080,किस,stopword
1081,मुस्कराकर,positive
1082,निधन,negative
1083,दुविधा,negative
1084,निपुण,positive
1085,मूर्खबनाया,negative
1086,हर्षोन्माद ,positive
1087,कृतघ्न,negative
1088,बेदाग,positive
1089,देवदूत,positive
1090,तबदीली,negative
1091,दयनीय,negative
1092,मुख़्तलिफ़,negative
1093,युवा,positive
1094,अश्मीभूत,negative
1095,बयाना,positive
1096,सभ्यता,positive
1097,धीमीगति,negative
1098,उत्तरजीविता,positive
1099,बस्ट,negative
1100,क्रियाशील ,positive
1101,भोला,positive
1102,पदोन्नत,positive
1103,परिहार,positive
1104,हैरानी ,negative
1105,मार्जिनल,negative
1106,जघन्य,negative
1107,तैयार,positive
1108,अप्रतिष्ठित ,negative
1109,सरलता,positive
1110,चिड़चिड़पन ,negative
1111,धृष्ट,negative
1112,डर,negative
1113,सुसुनिकलना,negative
1114,नाराज़,negative
1115,पराक्रम ,positive
1116,दृढ़ता,positive
1117,ठग,positive
1118,संत्रस्त ,negative
1119,वादा,positive
1120,अभिशप्त,negative
1121,अभागा,negative
1122,गैंगस्टर,negative
1123,अराजक,negative
1124,स्क्वॉश,negative
1125,खदेड़ने,negative
1126,कुड़कुड़ाना,negative
1127,हेरफेर,negative
1128,एक्सेल,positive
1129,अवज्ञासूचक,negative
1130,स्टंप्ड,negative
1131,सफलता,positive
1132,भीखमाँगना,negative
1133,भव्यता,positive
1134,गंभीर,negative
1135,जिन्हों,stopword
1136,उल्लास,positive
1137,शार्क,negative
1138,भरोसे,positive
1139,बढ़ना,positive
1140,बेजान,negative
1141,पीड़ा,negative
1142,निकम्मेपन ,negative
1143,आशीर्वाद ,positive
1144,आशीर्वाद,positive
1145,असंगत,negative
1146,अस्वीकृति,negative
1147,बहिष्कार,negative
1148,उत्तोलन,positive
1149,सतर्कता,positive
1150,अशुद्धि,negative
1151,व्यंग्यपूर्वक,negative
1152,उजड्ड,negative
1153,फासिज्म,negative
1154,गतिशील,positive
1155,पूर्वचिन्तित,negative
1156,ज्वलंत,positive
1157,क़ाबिलियत,positive
1158,ज्यादा,stopword
1159,सज़ादेना,negative
1160,भयप्रद,negative
1161,रोमांचकारी,positive
1162,सीधापन,positive
1163,व्यवधान,negative
1164,चिकना,positive
1165,आडंबरपूर्ण,negative
1166,अनार्थिक,negative
1167,वियोज्य,positive
1168,गुदगुदाना,positive
1169,निहितार्थ,negative
1170,आत्मविश्वास,positive
1171,घूसदेना,positive
1172,ढेलेदार,negative
1173,यातनापूर्ण,negative
1174,कि वह,stopword
1175,दानकर्ता,positive
1176,सावधान,negative
1177,मजबूरी,negative
1178,बाधाओं,negative
1179,अद्वितीयता ,negative
1180,लोभया ,negative
1181,दयाकरना,negative
1182,पुरानी,negative
1183,पक्षपात,negative
1184,गंभीरता,negative
1185,नासमझी,negative
1186,इनाम,positive
1187,काटू,negative
1188,बेगरज,positive
1189,निषेध,negative
1190,रूमानी ,positive
1191,मोहित,negative
1192,मायूसी,negative
1193,चयनात्मक,positive
1194,कुप्रबन्ध ,negative
1195,दुर्घटनाओं,negative
1196,फेलिसिटी,positive
1197,कमजोरी,negative
1198,दृष्टिमांद्य,negative
1199,मधुरता ,positive
1200,नेकी,positive
1201,कलंकारोपणपूर्वक,negative
1202,शीघ्रता ,positive
1203,पर,stopword
1204,रिश्वतखोरी,negative
1205,ढीला,negative
1206,तजरबाकार,positive
1207,अपवित्र,negative
1208,तनावपूर्ण,negative
1209,पुनस्र्त्थानशील,negative
1210,मायूसी ,negative
1211,मुफ़ीद,positive
1212,करने,stopword
1213,असहनीय,negative
1214,बयार,positive
1215,आकांक्षा,positive
1216,सुरक्षा,positive
1217,बुद्धिमानी,positive
1218,जेल,negative
1219,बेधड़क,positive
1220,असंतुष्टा,negative
1221,उद्दाम,negative
1222,संक्षारक,negative
1223,गप्प,negative
1224,डरपोक,negative
1225,अघुलित,negative
1226,आवेशपूर्ण,positive
1227,उत्पीड़न,negative
1228,सख़्त,negative
1229,झुंझलाहट,negative
1230,ख़ुदग़रज़ी,negative
1231,हठीपन,negative
1232,घोटालों,negative
1233,हर्ष,positive
1234,बीमार,negative
1235,बचत,positive
1236,विधिहीन,negative
1237,वशमेंकरलेना,negative
1238,संगत,positive
1239,हारे,negative
1240,खुलेदिल ,positive
1241,आरोप ,negative
1242,ललक,positive
1243,विद्रोह,negative
1244,द्वेषी,positive
1245,वीरतापूर्ण ,positive
1246,घेरलेना,negative
1247,स्थूलता,negative
1248,बुद्धिमान,positive
1249,होशियार,positive
1250,बुराई,negative
1251,प्यार,positive
1252,बदला,negative
1253,दिया,stopword
1254,संत्रास,negative
1255,स्वाद,positive
1256,मदद,positive
1257,उत्सवसंबंधी,positive
1258,उचकाना,negative
1259,भाग्यवाद संबंधी,positive
1260,चौंकाने,positive
1261,छिटपुट,negative
1262,डराने,negative
1263,दोमुंहा,negative
1264,अन्धविश्वास,negative
1265,उग्रवादी,negative
1266,दौलतमन्द,positive
1267,बलिकाबकरा,negative
1268,असमर्थनीय,negative
1269,लिया,stopword
1270,अधीनकरना,negative
1271,इन्हीं,stopword
1272,इनायत ,positive
1273,गोलमटोल,positive
1274,कुख्यात,negative
1275,अभद्रतापूर्वक,negative
1276,बानगी,positive
1277,वमन,negative
1278,कठपुतली,negative
1279,पापवृत्ति,negative
1280,बदतर,negative
1281,चिढ़ाना,negative
1282,प्यार,positive
1283,निर्दयी,negative
1284,उत्कृष्टप्रदर्शन,positive
1285,प्रभावशाली,positive
1286,विस्थापित,negative
1287,विनाशकारी,negative
1288,बधाई,positive
1289,उन्हें ,stopword
1290,डकैत,negative
1291,शिलावृष्टि,positive
1292,प्रभुत,positive
1293,अत्यधिक,negative
1294,सिफारिशों,positive
1295,पहले,stopword
1296,वग़ैरह,stopword
1297,पराजित,positive
1298,धड़कते,negative
1299,बेतहाशा,negative
1300,परोपकार,positive
1301,डांट,negative
1302,सकता,stopword
1303,पतला,negative
1304,भक्त,positive
1305,हठ,negative
1306,वंचितकरना,negative
1307,तहेदिल ,positive
1308,मुरझाया ,negative
1309,उपाय,positive
1310,चुभने,negative
1311,अभद्र,negative
1312,सफलता,positive
1313,जश्नमनाना,positive
1314,दुरुपयोग,negative
1315,अंतिमचेतावनी,negative
1316,महामहिम,positive
1317,निराकरण,negative
1318,अप्रभावी,negative
1319,शान्ति,positive
1320,सर्वश्रेष्ठ,positive
1321,बेरहमी,negative
1322,फुर्ती ,positive
1323,सख्ती,negative
1324,अंतर्विरोध,negative
1325,व्याकुलता,negative
1326,सर्वोच्चता,positive
1327,उपलब्धियों,positive
1328,उपदेशदेना,negative
1329,धुएं,negative
1330,अतिवाद,negative
1331,कापी,positive
1332,सब्सिडी,positive
1333,कौतुक,positive
1334,बोली ,negative
1335,हड़ताल,negative
1336,अवनति ,negative
1337,धोया,negative
1338,कुचल,negative
1339,हास्यास्पद,negative
1340,आंखमूंदकर,negative
1341,वसायुक्त,negative
1342,कमअंदाज़ा,negative
1343,अवमानना,negative
1344,शूरवीरता ,positive
1345,अस्थिर,negative
1346,घोटाले,negative
1347,स्तंभित,negative
1348,क्षरण,negative
1349,सदर्प,negative
1350,झल्लाहट,negative
1351,असंयमित ,negative
1352,जोखिममुक्त,positive
1353,साहस,positive
1354,अंदर,stopword
1355,घटती,negative
1356,नपुंसक,negative
1357,दोष,negative
1358,करामाती,positive
1359,करतब,negative
1360,भाररहित,positive
1361,असमंजस ,negative
1362,बेहतरीन,positive
1363,शिष्ट,positive
1364,यातनाऐं,negative
1365,दबाने,negative
1366,पहुंचयोग्य,positive
1367,स्वच्छता,positive
1368,बेहतर ,positive
1369,शरणदेने,negative
1370,बहाव,positive
1371,उद्विग्नता,negative
1372,बहाना,negative
1373,उनके,stopword
1374,दुबला,negative
1375,कटु,negative
1376,तीव्रता,negative
1377,सुधार,positive
1378,स्वस्थ,positive
1379,बेपरवाह,negative
1380,बंद,stopword
1381,प्रोत्साहक,positive
1382,उमेठना,negative
1383,सक्रिय,positive
1384,शापित,negative
1385,आवेगपूर्वक,negative
1386,तोड़ना,negative
1387,कौनसा,stopword
1388,फजी,negative
1389,नाकाबन्दी,negative
1390,खेदजनक ,negative
1391,अतिसंवेदनशील,negative
1392,अश्रद्धा,negative
1393,चमत्कारपूर्वक,positive
1394,तर्कसंगत,positive
1395,अकड़,negative
1396,शरारतपूर्ण,negative
1397,दिमागउड़ा,positive
1398,व्यथा,negative
1399,विध्वंसक,negative
1400,अत्याचार,negative
1401,घमंड,negative
1402,उकसानेवाला,negative
1403,तानाशाही,positive
1404,धोके,negative
1405,अग्रसर,positive
1406,क्षति,negative
1407,खंडन ,negative
1408,संक्षिप्त,positive
1409,तरलता,positive
1410,चाहे,positive
1411,फटा,negative
1412,संत,positive
1413,दयनीय,negative
1414,प्रचंड़ ,positive
1415,स्लैशिंग,negative
1416,टकराव,negative
1417,मैं,stopword
1418,उत्तेजना,positive
1419,शल्कीभवन,negative
1420,फेंकदिया,negative
1421,भय,negative
1422,दमिस,negative
1423,हैरत,negative
1424,बेतुकेपन ,negative
1425,ख़फ़ा,negative
1426,प्रतिपक्षी,negative
1427,स्थिरता,negative
1428,इन्हें,stopword
1429,आशावाद,positive
1430,अपरिवर्तनीय,negative
1431,व्याकुल,negative
1432,योगदान,positive
1433,फटकार,negative
1434,भद्दा,negative
1435,आलोचकों,negative
1436,आलोचनात्मक,negative
1437,हमारा,stopword
1438,कुछ,stopword
1439,पागलखाना,negative
1440,मूडी,negative
1441,दस्तक,negative
1442,सख्त,negative
1443,सुलझाया,negative
1444,सुलगनेवालीआग,negative
1445,नवसिखुआ,positive
1446,ड्रॉपआउट,negative
1447,झगड़ा,negative
1448,कयामत,negative
1449,ग्रन्थिल,negative
1450,स्तुति ,positive
1451,दमनकारिता,negative
1452,ईर्ष्यापूर्वक,negative
1453,मुक़्तलिफ़,negative
1454,भयानक,positive
1455,वार्मर,positive
1456,अवर,negative
1457,अल्पज्ञात,negative
1458,संकट,negative
1459,वधकरना,negative
1460,उद्देश्यपूर्ण,positive
1461,अलगाव,negative
1462,गलाना,negative
1463,सूजन,negative
1464,तकरार,negative
1465,मास्टरपीस,positive
1466,सकती,stopword
1467,खोदेता ,negative
1468,स्पष्टवादी,positive
1469,अपराध,negative
1470,पीड़ा ,negative
1471,सनकी,negative
1472,युद्ध ,negative
1473,हुर्रे,positive
1474,फंदा,negative
1475,घृणात्मक ,negative
1476,पीडाकार,negative
1477,मनोरम,positive
1478,राजद्रोह,negative
1479,एकजुटता,positive
1480,विनय ,positive
1481,कट्टरविरोधी,negative
1482,बंदी,negative
1483,प्रत्युपदाहकारी,negative
1484,दबाव,negative
1485,बेअदबी ,negative
1486,कंपकंपी,negative
1487,वश,negative
1488,गुस्सा,negative
1489,भयानक,negative
1490,उन्मत्त,negative
1491,असत्य,positive
1492,त्रुटि,negative
1493,वसूली,positive
1494,दबाना,negative
1495,गालियाँ,negative
1496,बेगुनाह,positive
1497,अनावश्यक,negative
1498,परजीवी,negative
1499,दर्द,negative
1500,अल्पपारिश्रमिक,negative
1501,काटकर,negative
1502,इच्छा,positive
1503,विश्वसनीय,positive
1504,भावुकतापूर्ण ,positive
1505,अपमानास्पदता,negative
1506,आलोचना,negative
1507,बलिदान,negative
1508,नकारात्मकता,negative
1509,से,stopword
1510,क्रुद्ध,negative
1511,नष्ट ,negative
1512,निःसत्व ,negative
1513,नरम,positive
1514,आत्मनिर्भर,positive
1515,तोड़दिया,negative
1516,उचित,positive
1517,सावधानी,positive
1518,काउंटर ,negative
1519,टूटा,negative
1520,जुनूनी,negative
1521,हंसीउड़ाना,negative
1522,गई,stopword
1523,हैरो,negative
1524,मनोहन,positive
1525,मुट्ठी,negative
1526,रगड़डालना,negative
1527,ठहराव,negative
1528,उजागर,positive
1529,नवीनता,positive
1530,हरामी,negative
1531,ठाठ ,positive
1532,चपलता,positive
1533,खुलेआम,positive
1534,पे,stopword
1535,भेद,positive
1536,वध,negative
1537,अरस,negative
1538,हक्काबक्का ,negative
1539,निन्दक,negative
1540,दुर्व्यवहार,negative
1541,बर्बाद ,negative
1542,दर्दसेमुक्त,positive
1543,अहंकारपूर्ण,negative
1544,सम्मानित,positive
1545,अभिलोपित,negative
1546,मतिमंद,negative
1547,बदबूदार,negative
1548,सहायक,positive
1549,स्वास्थ,positive
1550,नष्टकरना,negative
1551,ख़ारिज ,negative
1552,निगलजाना,negative
1553,हंगामा,negative
1554,ढलान,negative
1555,उत्तेजना ,positive
1556,चमत्कारिक,positive
1557,पलटना,negative
1558,तीखा,negative
1559,गंधा,positive
1560,पेंच,negative
1561,असहमति,negative
1562,अभिशाप,negative
1563,अधिरोपण,negative
1564,ज़ख़मी ,negative
1565,दुष्ट,negative
1566,निर्वासन,negative
1567,चूतड़,negative
1568,असफलता,negative
1569,ठगी,negative
1570,सुविधाजनक ,positive
1571,फर्जी,negative
1572,जिसे,stopword
1573,क्यूंकि,stopword
1574,स्वयं,stopword
1575,उपाध्यक्ष,negative
1576,कड़वा,negative
1577,अभिघात,negative
1578,धन्यवाद,positive
1579,उतारना,negative
1580,खंडहर,negative
1581,प्रतिभा,positive
1582,सस्ता,negative
1583,आधुनिकता ,positive
1584,चोरी,negative
1585,आश्चर्य,negative
1586,अदभुत रूप,positive
1587,उद्योगी,negative
1588,तिन्हें,stopword
1589,गुप्त,negative
1590,पाषंडी,negative
1591,उसका,stopword
1592,बेवकूफ,negative
1593,सर्द,negative
1594,घृणित,negative
1595,वसा,negative
1596,अनुमोदन,positive
1597,झूठ,negative
1598,दुःखदायी,negative
1599,किन्हों,stopword
1600,अड़ियल,negative
1601,वाले,stopword
1602,त्रिगुट,negative
1603,अनिर्धारित,negative
1604,नौटंकी,negative
1605,पेराई,negative
1606,नकारात्मक,negative
1607,नकली,negative
1608,अपकार,negative
1609,असंतत,negative
1610,पथभ्रष्ट,negative
1611,त्रुटिपूर्ण,negative
1612,अथाह,negative
1613,मीठा,positive
1614,कीचड़,negative
1615,विलापकरना,negative
1616,पतन,negative
1617,मुद्दामुक्त,positive
1618,लालच ,negative
1619,आदरकारी,positive
1620,नालायकी ,negative
1621,विपक्ष,negative
1622,स्पंदन,positive
1623,सही,positive
1624,करिज्मा,positive
1625,हार,negative
1626,विशाल,positive
1627,उबाऊ,negative
1628,दुःखी,negative
1629,विजेता,positive
1630,प्रतिबंधित,negative
1631,पारकर,positive
1632,खिजाने ,negative
1633,प्रशस्त,positive
1634,पीनापिलाना,positive
1635,सत्यसाधनीय,positive
1636,चकमा,negative
1637,गै़रजिम्मेदारी ,negative
1638,चमकना,positive
1639,व्यथित,negative
1640,गुणग्राही,positive
1641,सप्रेम,positive
1642,कलंक,negative
1643,अदूरदर्शा,negative
1644,खींचना,negative
1645,अभद्रता,negative
1646,कमिटमेंट,positive
1647,प्रमुखता,positive
1648,सुपरफ्लॉप,negative
1649,मोहक,positive
1650,मोचन,positive
1651,सत्ताशील,negative
1652,थप्पड़,negative
1653,महत्वपूर्ण,positive
1654,परेशन,negative
1655,बकवास,negative
1656,सहज,positive
1657,आमोदप्रमोद ,positive
1658,नेत्रपकड़ने,positive
1659,खुलेपन,negative
1660,उम्मीद,positive
1661,रूपहीन,negative
1662,बेनिशान,positive
1663,निरर्थकतापूर्वक,negative
1664,खराब,negative
1665,सिफारिश,positive
1666,चौंक,negative
1667,कष्टकरता ,negative
1668,तीखेपन ,negative
1669,पीछेहट,negative
1670,प्रभावोत्पादक,positive
1671,वेग,negative
1672,वीरतापूर्वक,positive
1673,भगोड़ा,negative
1674,खूनबहना,negative
1675,रिवीर,positive
1676,ज़ाहिरदार,positive
1677,चंचल,positive
1678,सावधानी,positive
1679,सीधी,positive
1680,पेशेवरों,positive
1681,नाली,negative
1682,विस्फोट,negative
1683,नास्तिकता ,negative
1684,स्खलित,negative
1685,दुर्भावना ,negative
1686,उन्हों,stopword
1687,बेढंगा,negative
1688,रोमांचित ,positive
1689,अभिनंदन,positive
1690,चिंताओं,negative
1691,फलदायक,positive
1692,पाशविक,negative
1693,बहाल,positive
1694,अगर,stopword
1695,पराक्रमी,positive
1696,परिहासपूर्वक,negative
1697,बेअसर,negative
1698,भोलेपन,positive
1699,घुसपैठिया,negative
1700,करते,stopword
1701,कामयाब ,positive
1702,पुरातन,negative
1703,निर्वासित,negative
1704,वैभव,positive
1705,असभ्य,negative
1706,अपरंपरागत,negative
1707,हल्का,negative
1708,मलिनता,negative
1709,मोहभंग,negative
1710,आधसना,negative
1711,हत्या,negative
1712,तुम,stopword
1713,गर्व,positive
1714,असाधारण,positive
1715,आलोचक,negative
1716,देरी,negative
1717,आदिष्टकरना,negative
1718,बड़े,stopword
1719,मुमकिन,positive
1720,चुटकी,negative
1721,धमकी,negative
1722,दो,stopword
1723,इलाज,positive
1724,झुनझुनी,negative
1725,खुलेतौर,positive
1726,धब्बा,negative
1727,श्रांत,negative
1728,बेवफ़ा,negative
1729,गड़बड़,negative
1730,संशय,negative
1731,साहसपूर्वक,positive
1732,कमजोर,negative
1733,आकस्मिक,positive
1734,घिनोनापन,negative
1735,मोहित,positive
1736,फ़रिश्ता,positive
1737,असंगतता ,negative
1738,नीचादिखा,negative
1739,झुर्रियों,negative
1740,टूटता,negative
1741,जैसा,stopword
1742,आप,stopword
1743,ख़ुशी ,positive
1744,घातक,negative
1745,गद्दारों,negative
1746,समर्थन,positive
1747,विविध,positive
1748,से नीचे,stopword
1749,वाकपटुता ,positive
1750,मसलना,negative
1751,अप्रत्यक्ष,negative
1752,दुबकना,negative
1753,पिछड़ेपन,negative
1754,निषेधात्मक,negative
1755,विहीन,negative
1756,अनुत्तरदायी,negative
1757,कभी,stopword
1758,उत्साहित,positive
1759,भाईभतीजावाद,negative
1760,चमकदार,positive
1761,जरा,stopword
1762,सन्धिप्रस्ताव,positive
1763,रद्दकरना,negative
1764,जोश,positive
1765,शुद्धता ,positive
1766,विभेदकरना,negative
1767,विरूपण,negative
1768,जोड़नेवाला,positive
1769,विनम्र,negative
1770,तगड़ा,positive
1771,झंझट,negative
1772,शपथपूर्वक ,negative
1773,स्मार्ट,positive
1774,खोया,negative
1775,अविश्वसनीय,negative
1776,किया है,stopword
1777,अनाड़ी,negative
1778,अनपेक्षित,negative
1779,अवांछनीय,negative
1780,अधर्म,negative
1781,गैरविश्वास,negative
1782,खिलाफ,stopword
1783,खंडहरवाला,negative
1784,गहरा,negative
1785,प्रत्यपकारना,negative
1786,रोबदार,positive
1787,कमियों,negative
1788,कोलहल ,negative
1789,ऊपर,stopword
1790,स्वच्छंद,negative
1791,विपत्ति,negative
1792,समृद्ध,positive
1793,झुठलाना,negative
1794,विनीत,positive
1795,संतुलित,positive
1796,ख़ुश,positive
1797,बुरा,negative
1798,नटखट,negative
1799,रहे,stopword
1800,तेज़,positive
1801,प्रसिद्धि,positive
1802,घटाना,negative
1803,दुर्भाग्य,negative
1804,रहती,stopword
1805,कट्टर,negative
1806,अनुत्पादक,negative
1807,अनपढ़,negative
1808,सुधार,positive
1809,है,stopword
1810,अडिग,positive
1811,मारना,negative
1812,प्रभाव,positive
1813,विनाश,negative
1814,कराहना,negative
1815,शुभ,positive
1816,प्रतिष्ठा,positive
1817,चुभता,negative
1818,ओवरटेक,positive
1819,वहन ,positive
1820,आसीन,negative
1821,प्लश,positive
1822,दुःख,negative
1823,सवंलित,negative
1824,झूठाआपेक्ष,negative
1825,कमजोखिम,positive
1826,निढालहोकर,negative
1827,थरथरानेवाला,negative
1828,दुबारा,stopword
1829,कामचोर ,negative
1830,उत्सव,positive
1831,विचित्र,positive
1832,अभिन्न,positive
1833,छुड़ाना,positive
1834,स्मारकीय,positive
1835,खरोंच,negative
1836,विरोधीप्रसार,negative
1837,जब,stopword
1838,अशांत,negative
1839,ज़बरदस्त,negative
1840,दुर्घटना,negative
1841,विरोधप्रदर्शन,negative
1842,सर्वोच्चतापूर्वक,positive
1843,अस्पष्ट,negative
1844,उसकी,stopword
1845,मास्टर,positive
1846,अकर्मण्य,negative
1847,तृष्णापूर्वक,negative
1848,प्यारकरता ,positive
1849,आराम,positive
1850,टूटाफूटा,negative
1851,ग्रहणशील,positive
1852,निंदाकरना ,negative
1853,वास्तविक,positive
1854,कट्टरवाद,negative
1855,कांटेदार,negative
1856,हार,positive
1857,अपराधी,negative
1858,नापसंदगी,negative
1859,अनिवार्यरूपसे,negative
1860,जिन,stopword
1861,सन्निकटता ,negative
1862,कृतज्ञ,positive
1863,सौदा,positive
1864,तंग,negative
1865,मुद्दा,negative
1866,वैषम्यता,positive
1867,द्वेषजनक,negative
1868,गढ़ा,negative
1869,डाह,negative
1870,यहाँ,stopword
1871,बाएँझुकाव,negative
1872,कितना,stopword
1873,गंवार,negative
1874,अमोघ,positive
1875,उच्चगुणवत्ता,positive
1876,कुरकुरा,positive
1877,रखैल,negative
1878,अतिशयोक्ति,negative
1879,मिटाना,negative
1880,सब्सिडी,positive
1881,उर्वर,positive
1882,किए,stopword
1883,बहुत,stopword
1884,सत्कार,positive
1885,असार,negative
1886,चार्टबस्टर,positive
1887,आत्मसंतुष्ट,negative
1888,कुंद,negative
1889,बेहूदा,negative
1890,खौलाना,negative
1891,मिथ्यासिद्ध ,negative
1892,गर्भपात,negative
1893,सिकुडन,negative
1894,दुष्प्रचार,negative
1895,प्रकोप,negative
1896,धाराप्रवाह,positive
1897,कपटपूर्ण,negative
1898,आतंकवाद,negative
1899,लापरवाह,negative
1900,बेलगाम,negative
1901,पूर्वाग्रह,negative
1902,विफलता,negative
1903,क्वथन,negative
1904,उजाड़ना,negative
1905,अच्छाई,positive
1906,सादगी,positive
1907,गिरना,negative
1908,बेवकूफ,negative
1909,अच्छा,positive
1910,बहुमुखी,positive
1911,अपने,stopword
1912,धँसा,negative
1913,वैभवशाली,positive
1914,जिससे,stopword
1915,मार्मिक,positive
1916,लिए,stopword
1917,वैध,positive
1918,अवज्ञा ,negative
1919,अयोग्य ,negative
1920,नजरअंदाज,negative
1921,जान,positive
1922,पाखंड,negative
1923,ख़तरा,negative
1924,सतत,negative
1925,द्वेषी,negative
1926,निर्लज्जतापूर्वक,negative
1927,नैतिक,positive
1928,चूसा,negative
1929,क़ुलफ़ी,negative
1930,निष्ठाहीन,negative
1931,उत्कृष्टता,positive
1932,परमानंद,positive
1933,विधर्मिक,negative
1934,खुद,stopword
1935,मंत्रमुग्ध,positive
1936,दुःखद,negative
1937,कमकीमत,positive
1938,कमाल,positive
1939,इमदादी,positive
1940,शोकान्वित,negative
1941,चारपाई,negative
1942,खूबजोरसेपीटना,negative
1943,भर्त्सना,negative
1944,गलत समझा,negative
1945,शीघ्र,positive
1946,विरोधकिया,negative
1947,क्रोधी,negative
1948,कठोर,positive
1949,खूबी ,positive
1950,इस,stopword
1951,हिम्मतबँधाना,positive
1952,निर्दोषिता ,positive
1953,सुलभ,positive
1954,हत्या,negative
1955,बड़ेपैमाने ,positive
1956,प्रतिकूल,negative
1957,गिरा,negative
1958,सघन,negative
1959,परस्परविरोधी,negative
1960,नादुस्र्स्ती ,negative
1961,अनुचित,negative
1962,खिन्नता,negative
1963,सुनहरा,positive
1964,कमियां,negative
1965,आशीर्वाद,positive
1966,मातकरना,positive
1967,काटना,negative
1968,दुर्भाग्य ,negative
1969,आपत्तियों,negative
1970,विश्वास,positive
1971,सुविधा,positive
1972,गगनभेदी,negative
1973,लाचारी ,negative
1974,इसमें,stopword
1975,बनी,stopword
1976,निराशा,negative
1977,विजेताओं,positive
1978,घपला,negative
1979,स्वच्छ,positive
1980,हम,stopword
1981,गलतफहमी,negative
1982,अविवेकी,negative
1983,दानव,negative
1984,कत्लेआम,negative
1985,इसी,stopword
1986,सौंदर्य,positive
1987,झुर्रियाँ,negative
1988,घिनौना,negative
1989,लीकेज,negative
1990,बिगड़ना,negative
1991,प्रतिस्थापन ,positive
1992,हेकड़ी,negative
1993,आपातस्थिति,negative
1994,प्रति,stopword
1995,बंधन,negative
1996,विद्वेष,negative
1997,गिरावट,negative
1998,झूठबोला,negative
1999,नगण्य,negative
2000,अभिनव,positive
2001,विधिवत्,positive
2002,देवरूप,positive
2003,प्रकाशयुक्त,positive
2004,विमार्गदर्शन,negative
2005,सुधारना,positive
2006,वकालत,positive
2007,संग,stopword
2008,उत्सुक,positive
2009,निराशाजनक,negative
2010,ढांकना,negative
2011,कमरेटेड,negative
2012,पाने,positive
2013,दुश्मनों,negative
2014,परिश्रम ,negative
2015,खूँखार ,negative
2016,जीता,positive
2017,उपलब्धि,positive
2018,निर्दोष,positive
2019,अनुकूलतापूर्वक,positive
2020,बेरहम,negative
2021,गरिमा,positive
2022,सुस्पष्टता ,negative
2023,विकृति,negative
2024,काफिरों,negative
2025,बेहूदगी ,negative
2026,व्यंग्य ,negative
2027,असहिष्णुता,negative
2028,दोषरहित,positive
2029,क्षत,negative
2030,क्रूरतापूर्ण,negative
2031,गयी,stopword
2032,हास्य,positive
2033,आड़ू,positive
2034,अनदेखी ,negative
2035,बेईमान,negative
2036,छींटे,negative
2037,दुष्टातापुर्वक,negative
2038,अप्रातिकर,negative
2039,अनिवार्यत:,negative
2040,गूंजना,positive
2041,सुदर्शन,positive
2042,निहार,positive
2043,उमंग,negative
2044,नरभक्षक,negative
2045,सनसनी,positive
2046,अप्रिय,negative
2047,समृद्धिशाली,positive
2048,अनुमोदन,negative
2049,भ्रमित,negative
2050,खदबदा,negative
2051,आतंक,negative
2052,जीत,positive
2053,पुनर्गठन,positive
2054,सबसे,positive
2055,प्रेरणादायक,positive
2056,असजीलाता,negative
2057,विभूतिमान,positive
2058,बदकिस्मत,negative
2059,शाप,negative
2060,निन्दनीय,negative
2061,पैशाचिक,negative
2062,अप्रसन्नता,negative
2063,अप्रस्तुत,negative
2064,मज़बूती ,positive
2065,तिन,stopword
2066,अन्यसंक्रामण,negative
2067,आतंकवाद,negative
2068,वफादार,positive
2069,डींग,positive
2070,अनादर,negative
2071,वे,stopword
2072,पीटा,positive
2073,लुटेरा,negative
2074,परमसुखी,positive
2075,जीतना,positive
2076,हँसी ,positive
2077,छोड़ना,negative
2078,उजागर,positive
2079,गटर,negative
2080,होता,stopword
2081,प्रतियोगी,positive
2082,कुचलना,negative
2083,गढ़ना,negative
2084,संक्रमण,negative
2085,सिंड्रोम,negative
2086,सम्मान ,positive
2087,ढीठपन,negative
2088,थकाना,negative
2089,तक,stopword
2090,अधीरता,negative
2091,अधीन,negative
2092,सुनसान,negative
2093,अशिष्ट,negative
2094,अपवंचन,negative
2095,कौड़ेमारना,negative
2096,यथायोग्य,positive
2097,बलात्कार,negative
2098,बेखबर,negative
2099,भाग्यशाली,positive
2100,उपयोग,positive
2101,स्वमतत्यागी,negative
2102,प्रसंविदा,positive
2103,धर्मार्थ,positive
2104,मंसूख ,negative
2105,अपरिमेय,negative
2106,स्पष्टता,positive
2107,गिरता,negative
2108,धोखेबाज़,negative
2109,जमेहुए,negative
2110,छल,negative
2111,सनसनीखेज,positive
2112,अनुमेय,positive
2113,विसंगतियों,negative
2114,दोहराव,negative
2115,स्वेच्छाचारिता ,positive
2116,उच्चकीमत,negative
2117,शानदार,positive
2118,अप्रतिकार्य,negative
2119,निरोधक,negative
2120,उदारता,positive
2121,शीर्ष,positive
2122,अतिभारित,negative
2123,दृढ़,positive
2124,रूढ़िवादी,negative
2125,कम,stopword
2126,हँसाना,positive
2127,टूटादिल,negative
2128,धड़कन,negative
2129,भरोसेमंद,positive
2130,तर्क,positive
2131,साबुत,stopword
2132,दयनीय,negative
2133,परिश्रम,positive
2134,हिमस्खलन,negative
2135,करतब,positive
2136,क्षमा,positive
2137,अपरिचित,negative
2138,बलहीन ,negative
2139,तसल्लीब्ख़्श,positive
2140,अत्यावश्यक,negative
2141,मीठाकरना,positive
2142,बम,negative
2143,अपराजेय,positive
2144,जटिल,negative
2145,क्षणभंगुर,negative
2146,असाध्य,negative
2147,सहीठहराया,positive
2148,विष,negative
2149,जल्दबाज़ी ,positive
2150,असमान,negative
2151,शोधन,positive
2152,स्पष्ट,positive
2153,हठधर्मी,negative
2154,सफलतापूर्वक,positive
2155,मानहानिकारक,negative
2156,तोड़,negative
2157,चमत्कारी ,positive
2158,खुशामद ,positive
2159,रमणीरंजनतापूर्वक,positive
2160,साफ,positive
2161,अमूल्य,positive
2162,चुराना,negative
2163,अनाड़ीपन ,negative
2164,शून्यता,negative
2165,अपूर्ण,negative
2166,बुझाना,negative
2167,निरानंद,negative
2168,सराहना,positive
2169,नेमसिस,negative
2170,क्लिष्ट,negative
2171,शक्तिहीन,negative
2172,रूखा,negative
2173,सहनीय,positive
2174,नीचे,stopword
2175,ध्यानभंग,negative
2176,सशक्त ,positive
2177,भ्रम,negative
2178,शोरग़ुल,negative
2179,प्रभावित,positive
2180,ग्रहणकरना,positive
2181,बंद,negative
2182,वहीं,stopword
2183,भ्रष्ट,negative
2184,नया,positive
2185,वृहदाकार,negative
2186,अवहेलनापूर्वक,negative
2187,अज्ञान,negative
2188,आवारा,negative
2189,चुराया,negative
2190,दुर्बलकरना,negative
2191,पीछेहट,negative
2192,यथेष्ट,positive
2193,ओढ़नी,negative
2194,असुरक्षा,negative
2195,क्यों,stopword
2196,मित्रवत,positive
2197,इसे,stopword
2198,एक बार,stopword
2199,विनोदपूर्वक,positive
2200,सरल,positive
2201,खराबहो,negative
2202,उदासीन,negative
2203,जितना,stopword
2204,हुआ,stopword
2205,गालियां ,negative
2206,विचारपूर्वक,positive
2207,दुराराध्य,negative
2208,रचनात्मक,positive
2209,समायोज्य,positive
2210,ख़राबकरना,negative
2211,मुझको,stopword
2212,किफायती,positive
2213,दगा,negative
2214,प्रतिबंधक,negative
2215,मक्कारी ,negative
2216,एस,stopword
2217,उत्तेजित,positive
2218,शांत ,positive
2219,कमविकसित,negative
2220,समय,stopword
2221,ग्रस्त,negative
2222,राजसी,positive
2223,कष्टदायी ,negative
2224,उत्तेजना,negative
2225,असंभावना ,negative
2226,कब,stopword
2227,तप,positive
2228,अविश्वसनीय,negative
2229,डरावनी,negative
2230,आश्वासनों,positive
2231,कि,stopword
2232,विपत्तिपूर्वक,negative
2233,ग़ुस्से ,negative
2234,आपदा,negative
2235,आलिंगन,positive
2236,अकुशल,negative
2237,तिरस्कारपूर्ण,negative
2238,निर्मल,positive
2239,शिकायत,negative
2240,निराशावाद,negative
2241,मृगतृष्णा,negative
2242,आकांक्षाओं,positive
2243,असंभव,negative
2244,प्रचुर,positive
2245,अन्याय,negative
2246,बुद्धिहीन,negative
2247,आसानी ,positive
2248,बचत,positive
2249,असंभवत:,negative
2250,अज्ञानी,negative
2251,डमीप्रूफ,negative
2252,सुवेश,negative
2253,विलंबता,negative
2254,सबसेबड़ी,positive
2255,हड़पनेवाला,negative
2256,सख्ती ,negative
2257,जादुई,positive
2258,अंमुक्त,positive
2259,मुकाबिला,negative
2260,निवारक,negative
2261,निकल,stopword
2262,मुड़,negative
2263,जिदकरना,negative
2264,गुस्ताख़ी,negative
2265,मामूली,positive
2266,सस्ती,positive
2267,भंग,negative
2268,स्टेनलेस,positive
2269,चकितकरना,positive
2270,अतिउत्साहित,positive
2271,नन्हा,negative
2272,बाला,stopword
2273,हिम्मत ,positive
2274,प्रचंडातापुर्वक,negative
2275,अयुक्त,negative
2276,घुड़कना,negative
2277,सुविधा ,positive
2278,अविभाज्य,negative
2279,चकाचौंधा,positive
2280,मर्यादित,negative
2281,बनावटी,negative
2282,जिसमें,stopword
2283,विलोपन,negative
2284,प्रशंसक,positive
2285,स्पृहणीय,positive
2286,अनुपलब्ध,negative
2287,बहादुर,positive
2288,नशेड़ी,negative
2289,निष्ठाहीनता,negative
2290,स्थिर ,positive
2291,सूना,negative
2292,किसी,stopword
2293,व्यापक,negative
2294,सरस,positive
2295,बहुमुखी ,positive
2296,बलपूर्वक,negative
2297,भोले,positive
2298,काफ़ी,stopword
2299,दृढ़रहना,positive
2300,संदेह,negative
2301,सुरक्षित,positive
2302,असंतोष,negative
2303,अपने आप,stopword
2304,टपकाव ,negative
2305,मूर्खता,negative
2306,अनुभवहीन,negative
2307,असत्यवत,negative
2308,अस्वीकार्य,negative
2309,चौकस,positive
2310,करता है,stopword
2311,विचलन,negative
2312,जाते,stopword
2313,मनाना,positive
2314,शब्दाडंबरपूर्ण,negative
2315,आरोपकरना,negative
2316,प्रचलित,negative
2317,लगातार,positive
2318,हत्यारा,negative
2319,गम्भीरता,positive
2320,कलम,negative
2321,रखें,stopword
2322,मुसीबतों,negative
2323,सींचना,negative
2324,अप्राकृतिक,negative
2325,इच्छुक,positive
2326,अनैतिकता,negative
2327,प्रतिद्वंद्विता,negative
2328,अन्यमनस्क,negative
2329,बाधाडालना,negative
2330,विनयपूर्वक,positive
2331,तुम्हारा,stopword
2332,जबकि,stopword
2333,जबड़े ,positive
2334,अवनीत,negative
2335,आक्रामकता,negative
2336,धक्कों,negative
2337,अधिवक्ताओं,positive
2338,अद्भुत,positive
2339,कलंकतिकरना,negative
2340,अंधकार,negative
2341,शैली,positive
2342,अल्पभाषी,negative
2343,व्यवहारक्षम,positive
2344,पागल,negative
2345,दु: ख,negative
2346,नम,negative
2347,प्रतिकार ,negative
2348,सरल ,positive
2349,बढ़कर,negative
2350,फंसाहुआ,negative
2351,आंतरायिक,negative
2352,तानाशाही,negative
2353,निर्धन,negative
2354,कर्कश,negative
2355,अभाग्य ,negative
2356,विपुल,positive
2357,शीर्षपायदान,positive
2358,ऐसे,stopword
2359,दुर्भावनापूर्ण,negative
2360,वहशी,negative
2361,पूरा,stopword
2362,असफलताओं,negative
2363,छितरानेवाला,negative
2364,बहरा,negative
2365,उभयभाविका,negative
2366,बिनासोचेसमझे,negative
2367,टक्कर,negative
2368,विधिबहिष्कृत,negative
2369,अनुपयुक्त ,negative
2370,शातिर,negative
2371,कुशलता,positive
2372,प्रखरतापूर्वक,negative
2373,स्वांग,positive
2374,छेद,negative
2375,प्रतिबंधित,negative
2376,भर्त्सनीय,negative
2377,प्रेरित,positive
2378,धुँधली,negative
2379,चुस्त,positive
2380,उलझन,negative
2381,विशेष,positive
2382,बिछुड़ ,negative
2383,ग़मगीन,negative
2384,ज़िद,negative
2385,तानाशाह,negative
2386,भारीविवादों,negative
2387,गुत्थी,negative
2388,पोटा,negative
2389,पाखंडी,negative
2390,टिकाऊ,positive
2391,दूसरे,stopword
2392,ने,stopword
2393,मुकरना,negative
2394,पुष्टि करना,positive
2395,कोसने,negative
2396,जल्दी,negative
2397,सुविधाजनक,positive
2398,अराजकतावाद,negative
2399,कायर,negative
2400,शोरगुल,negative
2401,आगेनिकलना,positive
2402,खेदव्यक्त,negative
2403,धीमा,negative
2404,करता,stopword
2405,बेशर्मी,negative
2406,अनुकूलक,positive
2407,अपंग,negative
2408,मरणासन्न,negative
2409,बहानेबाजी,negative
2410,पुन: जीवित करना,positive
2411,बेवकूफों,negative
2412,नायक,positive
2413,अनुकूलनीय,positive
2414,ईमानदार,positive
2415,झिलमिलाहट,negative
2416,अछूता,negative
2417,आपत्ति,negative
2418,कबाड़,negative
2419,तेज़ी,positive
2420,उसे,stopword
2421,निद्य,negative
2422,गतिरोघक,negative
2423,उछाल,positive
2424,प्रवीण,positive
2425,अपटुता,negative
2426,उग्ररूप ,negative
2427,असंतुलन,negative
2428,घृणोत्पादकता,negative
2429,नाजायज,negative
2430,दुराग्रही,negative
2431,नफरत,negative
2432,धार्मिक,positive
2433,गूंज,negative
2434,विवेकहीन,negative
2435,लालच,negative
2436,संदिग्ध ,negative
2437,समय ,positive
2438,बिलकुल,stopword
2439,चीरना,negative
2440,चकाचौंध,positive
2441,सम्मानित,positive
2442,हरकत,negative
2443,बुद्धिहिन,negative
2444,सैलाब,negative
2445,अनिधिक,negative
2446,मुश्किल,positive
2447,सीमित,negative
2448,मुजरिम,negative
2449,परहावी,positive
2450,तुली,negative
2451,बेकारी ,negative
2452,थकावट,negative
2453,जंगी,negative
2454,तुच्छ,negative
2455,मक्कार,negative
2456,आत्मतुष्ट,negative
2457,पीछेहटना,negative
2458,काउंटरहमले,positive
2459,प्यारा,positive
2460,संभव,positive
2461,ईमान,positive
2462,अस्थिभंग,negative
2463,उजड्डपन ,negative
2464,आनन्दपूर्वक,positive
2465,जशन,positive
2466,असमानताओं,negative
2467,हतोत्साहित,negative
2468,फैशन,positive
2469,अस्वीकृत,negative
2470,उत्सुकतापूर्वक,positive
2471,बहुउद्देशीय,positive
2472,अर्चक,positive
2473,तीव्र,positive
2474,शिक्षित,positive
2475,अकृतज्ञ,negative
2476,किसे,stopword
2477,इलहाम,negative
2478,कर दिया,stopword
2479,कटाव,negative
2480,पूरीबारीकी,positive
2481,सक्षम,positive
2482,आशावादी,positive
2483,गरीब,negative
2484,दोषपूर्ण,negative
2485,सक्षम,positive
2486,अपराजेयता,positive
2487,गप्पी,negative
2488,भयानकता,negative
2489,फंस,negative
2490,विश्वासपूर्वक,positive
2491,ठीकदिखने,positive
2492,सुडौल,positive
2493,हर्जाना,negative
2494,कहाँ,stopword
2495,धोखेबाज,negative
2496,चमक,positive
2497,ठीककरना,positive
2498,चिकनी,positive
2499,शानदार,positive
2500,कोमल ,positive
2501,भयातुर,negative
2502,कमबख्त,negative
2503,कहते,stopword
2504,प्रसन्नचित्त,positive
2505,सांप,negative
2506,नागवार,negative
2507,निरादरपूर्वक,negative
2508,तिरछा,negative
2509,विलंबित,negative
2510,असावधान,negative
2511,लाभकारी,positive
2512,नाकामयाबी,negative
2513,निविदा,positive
2514,मिलावट,negative
2515,लांघा,negative
2516,बकाया,positive
2517,पात्रता,positive
2518,रिहाकरना,positive
2519,वीर,positive
2520,उत्तराधिकारी ,positive
2521,घबराया ,negative
2522,झिड़कना,negative
2523,भारी,negative
2524,अपूरणीय,negative
2525,सर्वोपरि,positive
2526,वृद्धि,positive
2527,भंगकरना,negative
2528,पसँघा,positive
2529,उबलनेवाला,positive
2530,उगल,negative
2531,लुभाते ,positive
2532,कजलाना,negative
2533,पूरक,positive
2534,सकपट,negative
2535,द्वारा,stopword
2536,असह्य,negative
2537,शोकमनाना,negative
2538,अपकीर्ति ,negative
2539,मुदित,positive
2540,अनायास,negative
2541,धमकाना,negative
2542,बाहर,stopword
2543,बाध्यकारी,negative
2544,मारागया,negative
2545,दुर्बल,negative
2546,जीधर,stopword
2547,धीमी,negative
2548,गरज,negative
2549,जोखिम,negative
2550,महान,positive
2551,साथ,stopword
2552,घोलनेवाला,negative
2553,विनम्रता,positive
2554,घसीटा,negative
2555,प्रदूषक,negative
2556,आगे,stopword
2557,उलझाना,negative
2558,साधनसंपन्न,positive
2559,गारंटी,positive
2560,विशेषकर,positive
2561,विलंब,negative
2562,बहादुरी,positive
2563,विवश ,negative
2564,निर्णायक,positive
2565,ग़लतबयान,negative
2566,अपराधी,negative
2567,एवं,stopword
2568,हुए,stopword
2569,प्रसन्नचित,positive
2570,दबाव,negative
2571,श्रद्धालु,positive
2572,उकतानेवाला,negative
2573,डॉटना,negative
2574,साबित,positive
2575,सीधा ,positive
2576,शेख़ी,negative
2577,असन्तुष्ट,negative
2578,पसंद,positive
2579,धुआं,negative
2580,निर्लज्जता,negative
2581,आश्वस्त,positive
2582,स्वार्थी,negative
2583,ताजा,positive
2584,कातिल,negative
2585,दृढ़तापूर्वक,positive
2586,गुफा,negative
2587,टंटा,negative
2588,आगेनिकल,positive
2589,अवगुण ,negative
2590,उन्मत,negative
2591,सीधा,positive
2592,प्रलोभन,negative
2593,तो,stopword
2594,दुस्साहसी,negative
2595,असंवेदनशील,negative
2596,दंडितकरना,negative
2597,अज्ञात,negative
2598,मसला ,negative
2599,अचेत,negative
2600,परिपक्व,positive
2601,पछतावा,negative
2602,भुनभुनाना,negative
2603,विह्वल,negative
2604,शिक्षादेना,negative
2605,गरमी ,positive
2606,षड्यंत्र,negative
2607,तनाव,negative
2608,असभ्यतापूर्वक,negative
2609,नेकनीयत,positive
2610,व्यसनी,negative
2611,खदेड़ना,negative
2612,उपयुक्त,positive
2613,उच्छृंखल,negative
2614,संवेदनशील,positive
2615,स्वतंत्रता,positive
2616,बेमेल,negative
2617,अनिष्ट,negative
2618,साहसिक,positive
2619,लड़ाकू,negative
2620,बेफिक्र,positive
2621,विक्षिप्तता ,negative
2622,कंपन,negative
2623,उदास,negative
2624,बिनालाइसेंस,negative
2625,मदद,positive
2626,चूक,negative
2627,अरुचि,negative
2628,चुस्ती ,positive
2629,विरोधीकब्जे,negative
2630,प्रलाप,negative
2631,विलम्बित,negative
2632,योग्यता,positive
2633,रहस्य,negative
2634,अप्रतिकार,negative
2635,भोर,positive
2636,जर्द,negative
2637,आत्महत्या,negative
2638,शिथिलता,negative
2639,भयंकरता,negative
2640,मुंहतोड़,negative
2641,विलाप,negative
2642,अनुपयुक्तरूप ,negative
2643,विकार,negative
2644,अज्ञेयत्व,negative
2645,सुलगनेवाला,negative
2646,अग्निपरीक्षा,negative
2647,मनोरंजन,positive
2648,निराशाजनकरूप,negative
2649,सरोष,positive
2650,पोर्टेबल,positive
2651,आक्रामक,negative
2652,सँकरा,negative
2653,गलतियों,negative
2654,अन्तरंग,positive
2655,ताज़ाकरना,positive
2656,प्रतिक्रियावादी,negative
2657,अहंकृति,negative
2658,आलोचनाओं,negative
2659,जुर्माना,negative
2660,बेरहमी ,negative
2661,अल्हड़,negative
2662,चिंता,negative
2663,खतरा,negative
2664,जाती,stopword
2665,निंदा,negative
2666,दुर्घटनाग्रस्त ,negative
2667,बदनामी,negative
2668,कलंकारोपणपूर्ण,negative
2669,छलकपट ,negative
2670,गुर्राना,negative
2671,अदृश्य,negative
2672,भगदड़,negative
2673,शुभचिंतकों,positive
2674,कंगाल,negative
2675,सुन्दर ,positive
2676,का,stopword
2677,दोषी,negative
2678,दोनों,stopword
2679,कमकरना,negative
2680,अपुष्ट,negative
2681,मजबूत,positive
2682,तलाहुआ,negative
2683,स्वेच्छा,positive
2684,प्रतिघात,negative
2685,मानो,stopword
2686,तिरस्कारी,negative
2687,नाश,negative
2688,विकृत,negative
2689,निन्दा,negative
2690,के बाद,stopword
2691,चिपट ,positive
2692,देशभक्तिपूर्ण,positive
2693,अपरिहार्य,negative
2694,संतोषजनक ,positive
2695,पहचान,positive
2696,आलीशान,positive
2697,अभी,stopword
2698,प्रशंसकों,positive
2699,विद्रोही,negative
2700,इन्हों,stopword
2701,आहत,negative
2702,भावुक,positive
2703,लाभदायक,positive
2704,चुनौती ,negative
2705,अनुकूल,positive
2706,ऐयाशी,negative
2707,अविश्वासी,negative
2708,पदघटानेवाला,negative
2709,दिलसे,positive
2710,राहत,positive
2711,शास्त्रार्थ ,positive
2712,उल्लेखनीय,positive
2713,चंगा,positive
2714,मुस्तैदी ,positive
2715,वीरता,positive
2716,झटका,negative
2717,भयंकर,negative
2718,देशद्रोही,negative
2719,इनके,stopword
2720,झूठबोलना,negative
2721,क्रूरता,negative
2722,परत,negative
2723,घुसपैठ,negative
2724,भलीभाँति,positive
2725,प्रसिद्ध,positive
2726,दहन,negative
2727,बदतमीज़ी,negative
2728,बातचीतबाज़ी,positive
2729,आश्चर्यजनक,positive
2730,अकुलीन,negative
2731,पुतला,negative
2732,अंधाधुंध,negative
2733,घबड़ाना,negative
2734,आध्यात्मिक,positive
2735,सज्जन,positive
2736,अत्यधिकता,negative
2737,विनोदपूर्ण,positive
2738,सीधा,positive
2739,यथोचित,positive
2740,लवलीन,negative
2741,अंकुश,negative
2742,ग़लतव्याख्या,negative
2743,सर्वाधिकारी,negative
2744,ज़िंदादिली,positive
2745,नाजुक,negative
2746,रहस्यपूर्ण ,negative
2747,खिल्ली ,negative
2748,विशिष्ट,negative
2749,जातिवाद,negative
2750,स्वर्ग,positive
2751,ट्रेंडी,positive
2752,फ़ुटपाथ,negative
2753,अदम्य,negative
2754,अटक,negative
2755,कोलाहलमय,negative
2756,झगड़े,negative
2757,भागना,negative
2758,भीतर,stopword
2759,प्रोत्साहित,positive
2760,अकेलापन,negative
2761,यदि,stopword
2762,भड़कीला,negative
2763,विपत्तिपूर्ण,negative
2764,त्रासदी,negative
2765,खारिज,negative
2766,सजगकरनेवाला,positive
2767,खेदशून्य,negative
2768,बहिष्कार,negative
2769,आत्मनिर्भरता,positive
2770,बेकाम,negative
2771,प्रबल,negative
2772,बहना,negative
2773,फटाआवाज़,negative
2774,अभाव,negative
2775,उज्जवल,positive
2776,अबाध,positive
2777,खारिज,negative
2778,सुरम्य,positive
2779,भेदभाव,negative
2780,सराहना,positive
2781,बुराई,negative
2782,सतेज,positive
2783,पुनर्जागरण,positive
2784,भड़कना,negative
2785,चिल्लाहट,negative
2786,नौगम्य,positive
2787,शानदार,positive
2788,खदेड़ा ,negative
2789,आदरपूर्वक,positive
2790,हिस्टीरिया,negative
2791,चतुरता,positive
2792,यही,stopword
2793,तारकीय,positive
2794,झिड़कीदेना,negative
2795,अकेला,negative
2796,उदासी,negative
2797,षड्यंत्रकारियों,negative
2798,हूँ,stopword
2799,कौशलपूर्वक,positive
2800,डराना,negative
2801,प्रख्यात,positive
2802,खिलना,positive
2803,ग्रस्तता,positive
2804,मूल्यांकन ,positive
2805,फंसाना,negative
2806,गंध,negative
2807,यशस्वी,positive
2808,हावी,positive
2809,श्रद्धांजलि,positive
2810,ज़ंगखाया,negative
2811,सेवक,negative
2812,आपराधिक,negative
2813,असुधार्य,negative
2814,मजबूती ,positive
2815,जवाबीहमला,positive
2816,गड़बड़ियों,negative
2817,ग़लत,negative
2818,बव्वा,negative
2819,अनमना,negative
2820,कुल,stopword
2821,बेदिल,negative
2822,कुतरना,positive
2823,के लिए,stopword
2824,चिंताजनक,negative
2825,प्रत्यादेशक,negative
2826,विराग,negative
2827,आश्च्र्यजनक ,positive
2828,नजरअंदाज,negative
2829,दमन ,negative
2830,वह,stopword
2831,प्रतिबंध,negative
2832,दंभपूर्ण,negative
2833,खुजली,negative
2834,हतोत्साहित,negative
2835,भ्रातृसदृश,positive
2836,घबड़ा ,negative
2837,में कोई,stopword
2838,यातना,negative
2839,पलायन,negative
2840,आदर्श,positive
2841,अपमानजनक,negative
2842,उपहास,negative
2843,चैंपियन,positive
2844,अवहेलना ,negative
2845,चमत्कार,positive
2846,विसंगत,negative
2847,शांतिदायक,positive
2848,उल्लासपूर्ण,positive
2849,प्राणघातक,negative
2850,सारा,stopword
2851,मग्न ,positive
2852,प्रचुरता,positive
2853,रुकावट,negative
2854,झूठा,negative
2855,यानतोड़क ,negative
2856,बुराइयों,negative
2857,वीरानी,negative
2858,मानहानि,negative
2859,पारदर्शी,positive
2860,बही,stopword
2861,त्रस्तकरना,negative
2862,मित्रभाव ,positive
2863,शिकायत,negative
2864,सूक्ष्मता ,positive
2865,सो,stopword
2866,उपहासपूर्वक,negative
2867,इन,stopword
2868,अपनी,stopword
2869,रहा,stopword
2870,व्यवसायिक,positive
2871,ढलते,negative
2872,ओकाई,negative
2873,किरण,positive
2874,जीवंत,positive
2875,जीतने,positive
2876,आलिंगन,positive
2877,अधिक,positive
2878,उत्पादक,positive
2879,चाटूकारी,negative
2880,तीक्ष्णतापूर्वक,negative
2881,परंतु,stopword
2882,चकित,positive
2883,कालकोठरी,negative
2884,अपमानित,negative
2885,असफल,negative
2886,आलसी,negative
2887,प्रबंधनीय,positive
2888,साहसी,positive
2889,रॉकसितारों,positive
2890,विप्लव,negative
2891,अनियमित,negative
2892,पठनीय,positive
2893,प्रामाणिक,positive
2894,निर्धनता,negative
2895,घमंड,negative
2896,उत्साहपूर्वक,positive
2897,पूर्वाग्रहों,negative
2898,दूषित,negative
2899,जयकार,positive
2900,दांतेदार,negative
2901,परिवर्तनशील,negative
2902,आग्रहपूर्वक,positive
2903,लापरवाह,negative
2904,सफलताएँ,positive
2905,महिमा,positive
2906,क्षय,negative
2907,असाधारण,negative
2908,कील,negative
2909,सरलतापूर्वक,positive
2910,नुकसान,negative
2911,अकथ्य,negative
2912,प्यारकरते ,positive
2913,अनुपातहीन,negative
2914,उद्रेचक,negative
2915,बल्ली,negative
2916,अनिर्दिष्ट,negative
2917,सभ्य,positive
2918,एकता,positive
2919,ठगना,negative
2920,लिये,stopword
2921,क्लासिक,positive
2922,सशक्तिकरण,positive
2923,ईमानदारी ,positive
2924,बुद्धिसंगत,positive
2925,विपथगामी ,negative
2926,उन्मादपूर्ण,positive
2927,अनैच्छिक,negative
2928,इलाज,positive
2929,लाभ,positive
2930,प्रधानता,negative
2931,नालायकी,negative
2932,द्वेषपूर्ण,negative
2933,अयोग्यतापूर्वक,negative
2934,छन्दबद्ध,positive
2935,पूर्णता,positive
2936,हिंसक,negative
2937,आलोचना,negative
2938,लाचारी,negative
2939,प्रसन्नतापूर्वक,positive
2940,असमर्थ,negative
2941,अप्रत्ययी,negative
2942,फुसलाना,positive
2943,पछताना,negative
2944,करें,stopword
2945,अद्भुत,positive
2946,आमोद,positive
2947,प्रफुल्ल,negative
2948,कड़ाही,negative
2949,दुर्जन,negative
2950,चिंताप्रद,negative
2951,सकते,stopword
2952,पिछड़ा,negative
2953,आक्षेप्त,negative
2954,दयालु,positive
2955,ग़लती ,negative
2956,अनभ्यस्त,negative
2957,नमकहराम,negative
2958,डींगिया,negative
2959,सनक,negative
2960,दमभरनेवाला,positive
2961,वाहवाही,positive
2962,झक्की,negative
2963,सस्तेप्रचार,negative
2964,क्लांत,negative
2965,बेचैनी,negative
2966,दढ़ता,negative
2967,बेचैन,negative
2968,प्राणहर,negative
2969,निर्विवाद,positive
2970,सूखना,negative
2971,अधिकारपूर्ण,positive
2972,कटकट,negative
2973,बासी,negative
2974,व्यंग्यात्मक,negative
2975,कठिनाई,negative
2976,महामारी,negative
2977,निकलवाना,negative
2978,सुंदरता,positive
2979,शक,negative
2980,दुर्गम,negative
2981,कसाई,negative
2982,चर्चा हुई,negative
2983,सुपर,positive
2984,हो,stopword
2985,बेवकूफी,negative
2986,अचल,negative
2987,अदक्षता,negative
2988,ही,stopword
2989,आलादर्जे,positive
2990,कुरूपता,negative
2991,बोझिल,negative
2992,षड़यंत्रपूर्ण,negative
2993,प्राणपोषक,positive
2994,शांत,positive
2995,निरंकुशतापूर्वक,negative
2996,कठोरतापूर्वक,negative
2997,पत्थरदिल,negative
2998,चरमहराहट,negative
2999,क्षुद्र,negative
3000,विक्षिप्त ,negative
3001,विषैला,negative
3002,तोड़ने,negative
3003,निर्दयतापूर्वक,negative
3004,आज़ाद,positive
3005,आकर्षक ,negative
3006,उत्तेजक,negative
3007,मै,stopword
3008,अनियंत्रित,negative
3009,कपटी,negative
3010,मृत,negative
3011,जड़मति,negative
3012,हैक,negative
3013,आगलगानेवाला,negative
3014,खड़े,negative
3015,सत्तावादी,negative
3016,झंकार,negative
3017,यादगार,positive
3018,भलमनसी,positive
3019,दु: खी,negative
3020,रचनासुचना,negative
3021,मुरब्बा,negative
3022,भड़काने,negative
3023,हथकंड,negative
3024,कमी,negative
3025,पोला,negative
3026,सारे,stopword
3027,परभरोसा,positive
3028,व्यक्तिगत,positive
3029,अस्वीकार,negative
3030, अलौकिक ,positive
3031,आसान,positive
3032,सारहीन,negative
3033,आश्वासन,positive
3034,गंधक,negative
3035,आवेगी,negative
3036,भुलाना,negative
3037,जुर्माना,positive
3038,खुशीखुशी,positive
3039,लुभावना,positive
3040,जिन्हें,stopword
3041,प्रतिशोध,negative
3042,प्रसन्न,positive
3043,रिटायर,negative
3044,वसा,negative
3045,पर्याप्त,positive
3046,कट्टर,positive
3047,पतित,negative
3048,जिद्दी,negative
3049,गुंडा,negative
3050,गंभीरता,negative
3051,खुद ही,stopword
3052,विनाशकरना,negative
3053,प्रतिकारिता,negative
3054,अक्षम,negative
3055,डरावनी,negative
3056,सुधारा ,positive
3057,प्रोत्साहन,positive
3058,भव्य,positive
3059,प्रतिहिंसक,negative
3060,प्रवृत्तियों,positive
3061,आग्रही,negative
3062,अल्प,negative
3063,थकाऊ,negative
3064,आदर,positive
3065,मजाक,negative
3066,हर्षपूर्वक,positive
3067,हाथापाई,negative
3068,विषाक्ततापूर्वक,negative
3069,निंदनीय,negative
3070,गौर,positive
3071,शुबहा,negative
3072,दरारें,negative
3073,नालियों,negative
3074,कारावास,negative
3075,तेजी ,positive
3076,अनाथ,negative
3077,बेशरम,negative
3078,रक्तहीनता ,negative
3079,कृतज्ञता ,positive
3080,अव्यवस्था,negative
3081,अनिश्चित,negative
3082,कठिन,negative
3083,पीलियावाला,negative
3084,भाग्य,positive
3085,जयघोष ,positive
3086,रंगीन,positive
3087,तरह,stopword
3088,ऋणी,positive
3089,बोझ,negative
3090,संदिग्ध,negative
3091,स्र्ग्ण,negative
3092,सर्वोच्च,positive
3093,समर्थन ,positive
3094,दारुण,negative
3095,बीच,stopword
3096,अगाध,negative
3097,समृद्धि,positive
3098,बदमाश,negative
3099,थकामारना,negative
3100,उद्यमी,positive
3101,अप्रतिस्पर्धी,negative
3102,अनुशासनात्मकसज़ा,negative
3103,ख़ासकर,positive
3104,मिलजाना,negative
3105,अविवेक,negative
3106,अदभुत,positive
3107,निष्ठावान,positive
3108,असामान्य,negative
3109,अशरण्य,negative
3110,भाग्यवश,positive
3111,बेहयाई,negative
3112,विभेदक,negative
3113,रेंगना,negative
3114,उबातेहुए,negative
3115,दुराचारी,negative
3116,पड़ा,negative
3117,शांतिसैनिकों,positive
3118,अश्लीलतापूर्वक,negative
3119,शोकाकुल,negative
3120,सीधासादा,positive
3121,सांस,positive
3122,सदाचार,positive
3123,मुक्त,positive
3124,फैलाना,negative
3125,निष्फलता,negative
3126,साख,positive
3127,अव्यवहारिक,negative
3128,वसूली,positive
3129,अनर्गलता ,negative
3130,विशेषाधिकृत,positive
3131,आत्मसमालोचना,negative
3132,लज्जास्पद ,negative
3133,अहंकारी,negative
3134,विषाक्त,negative
3135,नागवारी,negative
3136,नैतिकता,positive
3137,गुनगुना,negative
3138,हंगामों,negative
3139,इसका,stopword
3140,उमंग,positive
3141,सुशीलता,positive
3142,भाग्यशाली,positive
3143,अड्डा,negative
3144,अथक,positive
3145,उपेक्षापूर्ण,negative
3146,अभिजात ,positive
3147,शिकंजा,negative
3148,कोड़ेसेमारना,negative
3149,दुराचार,negative
3150,डूबा,negative
3151,आत्मआलोचना,negative
3152,पॉलिश,positive
3153,लूट,negative
3154,सिलेंडर,positive
3155,बेदर्द,negative
3156,मुंहजोर,negative
3157,विचलित ,negative
3158,अभिमानी,negative
3159,अचानक,negative
3160,पूर्ति,positive
3161,दर्दनाक,negative
3162,इष्टतम,positive
3163,अस्पष्ट,negative
3164,जायेंगे,stopword
3165,राजस्व,positive
3166,प्रवंचना,negative
3167,पूरे,stopword
3168,घबराना,negative
3169,संकटमय,negative
3170,अनमोल,positive
3171,दंभ,negative
3172,मानार्थ,positive
3173,दुश्मनी,negative
3174,लाभप्रद,positive
3175,मलिन,negative
3176,अपरिभाषित,negative
3177,उत्पादी,positive
3178,उपजाऊ,positive
3179,घायल,negative
3180,स्पृहणीयतापूर्वक,positive
3181,तुच्छता,negative
3182,अच्छीनस्ल,positive
3183,मूरख,negative
3184,तबाह,negative
3185,झुलसानेवाला,negative
3186,अब,stopword
3187,उपलब्ध,positive
3188,सतीत्व,positive
3189,विघटन,negative
3190,बहशीपन,negative
3191,कटृटरता,negative
3192,संदेहवादी,negative
3193,प्रेरणा,positive
3194,मात्र,stopword
3195,शर्मनाक,negative
3196,बीमारी,negative
3197,विस्मित,positive
3198,उखड़,negative
3199,सामंजस्यपूर्ण,positive
3200,स्नातकोत्तर,positive
3201,वमनकरना,negative
3202,लाभार्थी,positive
3203,गंदाकरना,negative
3204,कुपित,negative
3205,ईमानदारी,positive
3206,खेदपूर्वक,negative
3207,आवाहक,positive
3208,विनय,negative
3209,समर्पित,positive
3210,भीषण,negative
3211,विनाशकारी,negative
3212,सदोष,negative
3213,मनमौजी,positive
3214,अन्यायपूर्ण,negative
3215,अपना,stopword
3216,धृष्टता,negative
3217,अवज्ञा,negative
3218,अनुग्रहकरना,negative
3219,की,stopword
3220,कनखियों ,negative
3221,अचूकता,positive
3222,उत्थान,positive
3223,शोकपूर्वक,negative
3224,आपदाओं,negative
3225,अल्पकालिक,negative
3226,स्वभाग्यनिर्णय,positive
3227,द्वीपीय,negative
3228,सहानुभूति,positive
3229,हांफी,negative
3230,काल,negative
3231,अपवर्जन,negative
3232,नीचादिखाना,negative
3233,किन्हें,stopword
3234,ढोंगकरना,negative
3235,बाद,stopword
3236,बेशर्म,negative
3237,विलास ,positive
3238,अदूरदर्शिता,negative
3239,कुटिल,negative
3240,जड़वत,negative
3241,दुष्टों,negative
3242,समझाना,positive
3243,चापलूसी,negative
3244,ठोकर,negative
3245,व्यस्त,negative
3246,कुशलतापूर्वक,positive
3247,अरण्य,negative
3248,खोना,negative
3249,गुदगुदी,positive
3250,शांति,positive
3251,गिरावट,negative
3252,रगड़न,negative
3253,झुरना,negative
3254,आवेगपूर्ण,negative
3255,ताना,negative
3256,घूमना,negative
3257,अवास्तविक,negative
3258,सांत्वना,positive
3259,रहस्योद्घाटन,positive
3260,धार्मिकता,positive
3261,विविध,negative
3262,दुस्साहस,negative
3263,शाही,positive
3264,चिल्ला,negative
3265,गर्म,positive
3266,काप,negative
3267,हिसात्मक ,negative
3268,अपमान,negative
3269,व,stopword
3270,सीमा,negative
3271,अविकसित,negative
3272,टूटना,negative
3273,शोककरना,negative
3274,पित्त,negative
3275,छाला,negative
3276,स्नेही,positive
3277,असली,positive
3278,पीला,negative
3279,उत्तेजित,negative
3280,पुन: पुष्टि,positive
3281,ऊंचा,positive
3282,अन्यायी,negative
3283,सुविधापूर्वक,positive
3284,लड़ाई,negative
3285,क्षमता,positive
3286,विचारशील,positive
3287,बोरिंग,negative
3288,अहंभाव,negative
3289,पीड़ित,negative
3290,सरलीकृत,negative
3291,प्राणघाती,negative
3292,से पहले,stopword
3293,बेतुका,negative
3294,शक्की,negative
3295,संतुष्ट,positive
3296,संवारना,positive
3297,आदाब,positive
3298,शक्तिशाली,positive
3299,भीषणरूप ,negative
3300,हकलाना,negative
3301,आपत्तिजनक,negative
3302,बोरा,negative
3303,कसूरवार,negative
3304,शंका,negative
3305,छेड़छाड़,negative
3306,फालतू,negative
3307,चिरस्थायी,positive
3308,तिन्हों,stopword
3309,फुफकार,negative
3310,दिखावा,negative
3311,आनंददायी ,positive
3312,बदकार,negative
3313,मगर,stopword
3314,दूषण,negative
3315,गलततरीके ,negative
3316,उत्तम,positive
3317,दुख,negative
3318,आधार,positive
3319,निष्पक्षता ,positive
3320,चाहिए,stopword
3321,अंधेरा,negative
3322,खुशामदी,positive
3323,खेद,negative
3324,परिपक्वता,positive
3325,अप्रासंगिक,negative
3326,आज्ञाकारी,positive
3327,बकना,negative
3328,दुर्लक्षणद्वारा,negative
3329,बांटनेवाला,negative
3330,अधीनस्थ,negative
3331,आक्रंदन,negative
3332,वक्रोक्ति,negative
3333,शांतिप्रिय,positive
3334,चरचरानेवाला,negative
3335,जर्जर,negative
3336,बदकिस्मती ,negative
3337,कोमल,positive
3338,शिखर,positive
3339,सैद्धांतिक,positive
3340,आत्मसंतोष,positive
3341,तुनकमिजाज,negative
3342,दूषित ,negative
3343,फंसना,negative
3344,इनका,stopword
3345,इत्यादि,stopword
3346,सौहार्दपूर्ण,positive
3347,कोई,stopword
3348,प्रगति,positive
3349,उत्साहित,positive
3350,गिरह,negative
3351,लोभ,negative
3352,छली,negative
3353,भयन्कर,negative
3354,विख्यात,positive
3355,प्यारी,positive
3356,जवाहरात,positive
3357,बाधा,negative
3358,अनैतिक,negative
3359,ठीकप्रकार ,positive
3360,बैरपूर्ण,negative
3361,अंशातिप्रिय,negative
3362,अप्रतिलभ्य,negative
3363,ताकझांक ,negative
3364,अहानिकर,positive
3365,अव्यक्त,negative
3366,अथवा,stopword
3367,ठोकरखाई,negative
3368,अतिक्रमण,negative
3369,नजाकत,positive
3370,हत्याकरना,negative
3371,अभिमानी,positive
3372,फ़ासिस्ट,negative
3373,निशान,negative
3374,रेंगनेवाला,negative
3375,इठलाना,negative
3376,फसादी,negative
3377,विश्रंभी,negative
3378,दया,negative
3379,कठोरता,negative
3380,धर्म,positive
3381,प्रतिद्वंद्वी,negative
3382,फायदे,positive
3383,विवेक,positive
3384,अच्छी ,positive
3385,दिली,positive
3386,वाहवाही,positive
3387,अलोकप्रिय,negative
3388,बेसहारा,negative
3389,ठीक,positive
3390,एहसान,positive
3391,विशिष्ट,positive
3392,बाधित,negative
3393,बिगड़ती,negative
3394,रोमांस,positive
3395,भावुकता ,positive
3396,सुगंधित,positive
3397,सड़ांध,negative
3398,संघर्षकरना,negative
3399,अस्वाभाविक,negative
3400,उग्रतापूर्वक,negative
3401,अत,stopword
3402,पृष्ठांकित,positive
3403,अपरिष्कृत,negative
3404,करना,stopword
3405,बेरोजगार,negative
3406,नकारना,negative
3407,बेजोड़,positive
3408,निरंतरता,positive
3409,करिश्माई,positive
3410,कल्पनाशील,positive
3411,हठी,negative
3412,निराशाजनक,negative
3413,जीर्णशीर्ण,negative
3414,लक्ष्यहीन,negative
3415,प्रत्येक,stopword
3416,पसंदीदा,positive
3417,लज्जित ,negative
3418,हठपूर्वक,negative
3419,और,stopword
3420,नेक,positive
3421,झल्ला,negative
3422,मिथ्यावैभव ,negative
3423,कबूलकरना,negative
3424,संतप्त,negative
3425,अच्छीस्थिति ,positive
3426,खुद को,stopword
3427,असत्यधर्मी,negative
3428,आरामदायक,positive
3429,डींगवाला,negative
3430,भ्रामक,negative
3431,मनोहर,positive
3432,प्रचार,negative
3433,बिछुआ,negative
3434,उस,stopword
3435,गुमराह,negative
3436,जमाव,negative
3437,उनका,stopword
3438,कुत्सित,negative
3439,मूसलधार ,positive
3440,डींगहांकनेवाला,negative
3441,इन्युएन्दो,negative
3442,अपराधों,negative
3443,खराब,negative
3444,सकौशल,positive
3445,जा,stopword
3446,भव्य,negative
3447,दिलचस्प,positive
3448,अस्थिरता,negative
3449,मनुहार,positive
3450,मरजाना,negative
3451,लालित्य,positive
3452,फंसाने,negative
3453,आभार,positive
3454,अकाल,negative
3455,नम्र,positive
3456,धोखादेना,negative
3457,युद्धरत,negative
3458,निराशावादी,negative
3459,नम्रता,negative
3460,भावनाओं,positive
3461,सहकारी,positive
3462,पौष्टिक,positive
3463,घटिया,negative
3464,पुण्य,positive
3465,गंदा,negative
3466,अल्पज्ञता,negative
3467,ऊपरउठाना,positive
3468,धारणीय,positive
3469,शुद्धकरना,positive
3470,कमआंका ,negative
3471,सड़ाहुआ,negative
3472,संक्रामक,negative
3473,राक्षसी,negative
3474,झुठा,negative
3475,छिप,negative
3476,शानदार,positive
3477,आत्मतख्तापलट,negative
3478,हिम्मततोड़नेवाला,negative
3479,क्रूर,negative
3480,थकान,negative
3481,कुशलता,positive
3482,स्वार्थ,negative
3483,विकलांग,negative
3484,निंदाकरता ,negative
3485,सम्मोहन,positive
3486,वकील,positive
3487,शान ,positive
3488,विश्वप्रसिद्ध,positive
3489,निर्ममता,negative
3490,झुनझुनी,positive
3491,वक्रपटुता,negative
3492,दुष्टता,negative
3493,ईजादकरना,negative
3494,घात,negative
3495,अविश्वसनीयता,negative
3496,बहकाना,negative
3497,मुस्कुरा,positive
3498,अधर्मी,negative
3499,इसकी,stopword
3500,उन्होने,stopword
3501,चुप,positive
3502,मनभावन,positive
3503,चालाक,positive
3504,असीम,positive
3505,कीड़े,negative
3506,भडकाना,negative
3507,तब,stopword
3508,विषादपूर्वक,negative
3509,गलतरूप ,negative
3510,उसी,stopword
3511,गोलमाल,negative
3512,पिशाच,negative
3513,चिड़चिड़ा,negative
3514,हड़पना,negative
3515,मौत,negative
3516,गलाघोंटना,negative
3517,ध्यानदेने ,positive
3518,प्रोविडेंस,positive
3519,पृथक,negative
3520,अग्रगण्य,positive
3521,कठोर,negative
3522,तोहमतलगाना,negative
3523,उपद्रवी,negative
3524,कफन,negative
3525,शायद ,negative
3526,अतिविशाल,positive
3527,भिक्षावृति,negative
3528,कमीनों,negative
3529,कामुक,negative
3530,लायक,positive
3531,सुगमता,positive
3532,दुर्वह,negative
3533,मरतेहुए,negative
3534,झुनझुने,negative
3535,सच्चाई,positive
3536,झगड़ालूपन,negative
3537,दूर,stopword
3538,तेजस्वी,positive
3539,डिमागधोना,negative
3540,अवर्म,negative
3541,गरीब,negative
3542,दिलकश,positive
3543,बंदरखी,negative
3544,अपटु,negative
3545,असुरक्षित,negative
3546,आक्रमण,negative
3547,उत्पीड़ित,negative
3548,शर्मिंदा,negative
3549,तार्किक,positive
3550,चुगली,negative
3551,दंडनीय,negative
3552,लौंडेबाज़,negative
3553,न्यायसंगत,positive
3554,अन्धकारमय,negative
3555,पड़ना,negative
3556,समतुलित,positive
3557,ताज़ा,positive
3558,करुणापूर्वक,negative
3559,अनियमितता,negative
3560,इनकार,negative
3561,गपशप,negative
3562,मूर्ख,negative
3563,मंदा,negative
3564,ढेर,negative
3565,समाधान ,positive
3566,हतोत्साह,negative
3567,प्रेमहीन,negative
3568,चाव ,positive
3569,बंटवारे,negative
3570,पुनर्जीवित ,positive
3571,भरी,negative
3572,परिवर्तन,positive
3573,चतुराई ,positive
3574,अधिकहोना,positive
3575,निरंकुश,negative
3576,परतदार,negative
3577,आलोचकों,negative
3578,खलनायक,positive
3579,क्रियात्मक,positive
3580,बकवास,negative
3581,सुलझाना,negative
3582,कठपुतलियों,negative
3583,अन्यसंक्रांत,negative
3584,निरर्थकता,negative
3585,वापसी,positive
3586,बर्बरता,negative
3587,फोड़ा,negative
3588,मार्गदर्शन,positive
3589,अनिश्चयसे,negative
3590,सामान्यबुद्धि,positive
3591,वंचित,negative
3592,क्रोधित,negative
3593,मनहूस,negative
3594,विरोधाभास ,negative
3595,वर्ग,stopword
3596,मेहनती,positive
3597,उत्तरवर्ती,positive
3598,एलर्जी,negative
3599,अधिकमूल्यांकन,negative
3600,कुशाग्र ,positive
3601,गहरा,positive
3602,दूसरा,stopword
3603,अद्वितीय,positive
3604,थोपना,negative
3605,आत्मीयता,positive
3606,सुलह ,positive
3607,मारता,negative
3608,उपेक्षित,negative
3609,बढ़ाना,positive
3610,तर्कहीनता,negative
3611,आरोप,negative
3612,शीतल,positive
3613,मंद,positive
3614,अंहकारी,negative
3615,प्रेमी,positive
3616,विद्युतीकरण ,positive
3617,अव्याख्येय,negative
3618,दुर्गंधयुक्त,negative
3619,निग्रहकरना,negative
3620,विरोध,negative
3621,आर्थिकतंगी,negative
3622,चीर,negative
3623,लीक,negative
3624,कुलबुलाहट,negative
3625,अपने आप को,stopword
3626,कसाईखाना,negative
3627,प्रकुल्ल,positive
3628,निहायत,negative
3629,कुदाल,negative
3630,चिपचिपा,negative
3631,सकारात्मक,positive
3632,अनावश्यक,negative
3633,कृतध्नता,negative
3634,इसलिए,stopword
3635,कैसे,stopword
3636,विश्वासघाती,negative
3637,हराने,positive
3638,मरना,negative
3639,खतरों,negative
3640,दुविधा ,negative
3641,बेपरवाही,negative
3642,धोखा,negative
3643,उद्वेग,negative
3644,अत्यंत,negative
3645,पुनः प्रवर्तन,positive
3646,अखंड,positive
3647,मौलिक,positive
3648,आनंद,positive
3649,ख़राब,negative
3650,बेहतरीन,positive
3651,सुखद,positive
3652,उन्हीं,stopword
3653,विकरालरुप,negative
3654,सुवक्ता,positive
3655,अत्याचारों,negative
3656,प्रचार,positive
3657,तिसे,stopword
3658,एक,stopword
3659,विजय,positive
3660,दाग,negative
3661,अनर्थकता,negative
3662,असंवैधानिक,negative
3663,साजिश,negative
3664,अवमानक,negative
3665,दिव्य,positive
3666,घूरते,negative
3667,लचीला,positive
3668,विडंबनाओं,negative
3669,तृप्तिदायी,positive
3670,उपबराबर,negative
3671,हितकर,positive
3672,सुलह,positive
3673,धोखा,negative
3674,ईर्षालु,negative
3675,फिर,stopword
3676,भव्य,positive
3677,बेहतर,positive
3678,में,stopword
3679,दुर्जेय,positive
3680,बेसुध,negative
3681,अलबेला,positive
3682,कायरता,negative
3683,प्रचंड,positive
3684,शातिर,positive
3685,हर्षातिरेक ,positive
3686,सार्थक,positive
3687,अत्याचारी,negative
3688,अल्हड़,positive
3689,घेराबंदी,negative
3690,शीर्षबिंदु,positive
3691,नम्रता,positive
3692,भुलक्कड़,negative
3693,आनंदित,positive
3694,उनकी,stopword
3695,आराध्य,positive
3696,उल्लसित,positive
3697,चीख़,negative
3698,बूढ़ा,negative
3699,भयभीत,negative
3700,उलझन ,negative
3701,मंत्रमुग्ध,positive
3702,मेरा,stopword
3703,महाभियोग,positive
3704,ताने,negative
3705,निहायत,positive
3706,तड़पा,negative
3707,बढ़ाचढ़ाकर ,negative
3708,खुशी,positive
3709,निर्लज्ज,negative
3710,मिलनसार,positive
3711,विभोर ,positive
3712,अंतिमखाई,negative
3713,रोकना,negative
3714,हराना,negative
3715,वर्धित,positive
3716,मरोड,negative
3717,हर्षित,positive
3718,अश्राव्य,negative
3719,चालबाज़ियों,negative
3720,प्रभुत्व,positive
3721,ये,stopword
3722,भोंक,negative
3723,अवज्ञाकारी,negative
3724,बिनाशर्त,positive
3725,बड़बड़ाना,negative
3726,पराजय,negative
3727,मोह,positive
3728,अनुग्राही,positive
3729,फटना,negative
3730,निरर्थक,negative
3731,समझाना,positive
3732,दबन्न्ग,positive
3733,बेचान,positive
3734,हथकंडा,negative
3735,गुंजन,negative
3736,उल्लंघन,negative
3737,गाली,negative
3738,व्यर्थ,negative
3739,मूर्खतापूर्ण,negative
3740,विचित्र,negative
3741,पीड़ादायक,negative
3742,समयनिष्ठ,positive
3743,धूलसासस्ता,positive
3744,आत्मसम्मान,positive
3745,टिका,negative
3746,अविचारी,negative
3747,ऊलजलूलबातें ,negative
3748,क्रुद्धकरनेवाला,negative
3749,सूचित ,positive
3750,उथलपुथल,negative
3751,गलाघोंटकर,negative
3752,शूकरशाला,negative
3753,जहर,negative
3754,कठिनाइयों,negative
3755,फेंकना,negative
3756,निश्चितता,positive
3757,कौन,stopword
3758,गहराई ,positive
3759,प्लेग,negative
3760,खंडन,negative
3761,अभागी,negative
3762,नमकहरामी ,negative
3763,मुग्ध,positive
3764,खिलवाड़,negative
3765,हार्डहिट,negative
3766,मतभेद,negative
3767,घाव,negative
3768,सीमाओं,negative
3769,धमकाने,negative
3770,पारिश्रमिक ,positive
3771,चमत्कारपूर्ण,positive
3772,मे,stopword
3773,तुरन्त,positive
3774,उतावलापन,negative
3775,दागी,negative
3776,चिकना,negative
3777,गंदे,negative
3778,उपेक्षा,negative
3779,सिरदर्द,negative
3780,जटिलता,negative
3781,क्रोध,negative
3782,अनिच्छा,negative
3783,दु: खद,negative
3784,चुभन,negative
3785,मारा,negative
3786,घोटाला,negative
3787,प्रभावी,positive
3788,मिलावटी,negative
3789,भावना,positive
3790,खिल्लीउड़ाते,negative
3791,उनको,stopword
3792,ऊबड़,negative
3793,लटपटाना,negative
3794,भ्रष्टाचरण,negative
3795,अपव्ययिता,negative
3796,बदसूरत,negative
3797,माना,positive
3798,पूरित,positive
3799,सहमत,positive
3800,नृशंसता,negative
3801,रोष,negative
3802,रक्तरंजित,negative
3803,उथला,negative
3804,कंजूस,negative
3805,अधिकसंतुलित,negative
3806,दीर्घ,negative
3807,अर्थदंड,negative
3808,शैतान,negative
3809,भिखारी,negative
3810,असीमित,positive
3811,उलझाते ,negative
3812,संतुष्ट करना,positive
3813,गेय,positive
3814,जख्म,negative
3815,चुड़ैल,negative
3816,उदासीनता,negative
3817,अखण्ड,positive
3818,प्यारबचाना,positive
3819,मरियल,negative
3820,सरल ,positive
3821,अशुभ,negative
3822,जहाँ,stopword
3823,रसिक,positive
3824,अपूर्वदृष्ट,negative
3825,विलासिता,positive
3826,सुगंधित,positive
3827,असंवेदनशीलता,negative
3828,नायिका,positive
3829,को,stopword
3830,ईर्ष्यापूर्वक,positive
3831,कल्पित,positive
3832,उल्लंघन,negative
3833,अप्रासंगिकता,negative
3834,घुसपैठियों,negative
3835,बेक़ायदा,negative
3836,विस्तृत,positive
3837,चापलूसी,negative
3838,अनायास,positive
3839,प्रलयसंबंधी,negative
3840,वहाँ,stopword
3841,कानूनी,positive
3842,ईर्ष्या,negative
3843,पुलकित,positive
3844,समाधानकारी,positive
3845,शत्रुता,negative
3846,निराधार,negative
3847,जानकार,positive
3848,हुये,stopword
3849,बिनाविचारे,negative
3850,चूकें,negative
3851,कमजोरियों,negative
3852,तिरस्कारपूर्वक,negative
3853,आश्चर्य ,positive
3854,दिलेरी,positive
3855,भुलावा,negative
3856,विस्मय,positive
3857,शोषित,negative
3858,पीटना,negative
3859,निकम्मापन,negative
3860,अभियोग ,negative
3861,हंसमुख,positive
3862,बिगाङना,negative
3863,विश्वासघात,negative
3864,पवित्र,positive
3865,बड़ीक्षमता,positive
3866,टोल,negative
